/*
 Navicat Premium Data Transfer

 Source Server         : 127.0.0.1 MySQL
 Source Server Type    : MySQL
 Source Server Version : 80200 (8.2.0)
 Source Host           : 127.0.0.1:3306
 Source Schema         : ruoyi-vue-pro

 Target Server Type    : MySQL
 Target Server Version : 80200 (8.2.0)
 File Encoding         : 65001

 Date: 07/07/2024 17:23:57
*/

SET NAMES utf8mb4;
SET FOREIGN_KEY_CHECKS = 0;

-- ----------------------------
-- Table structure for ai_api_key
-- ----------------------------
DROP TABLE IF EXISTS `ai_api_key`;
CREATE TABLE `ai_api_key`  (
  `id` bigint NOT NULL AUTO_INCREMENT COMMENT '编号',
  `name` varchar(255) CHARACTER SET utf8mb4 COLLATE utf8mb4_unicode_ci NOT NULL COMMENT '名称',
  `api_key` varchar(255) CHARACTER SET utf8mb4 COLLATE utf8mb4_unicode_ci NOT NULL COMMENT '密钥',
  `platform` varchar(255) CHARACTER SET utf8mb4 COLLATE utf8mb4_unicode_ci NOT NULL COMMENT '平台',
  `url` varchar(255) CHARACTER SET utf8mb4 COLLATE utf8mb4_unicode_ci NULL DEFAULT NULL COMMENT '自定义 API 地址',
  `status` int NOT NULL COMMENT '状态',
  `creator` varchar(64) CHARACTER SET utf8mb4 COLLATE utf8mb4_unicode_ci NULL DEFAULT '' COMMENT '创建者',
  `create_time` datetime NOT NULL DEFAULT CURRENT_TIMESTAMP COMMENT '创建时间',
  `updater` varchar(64) CHARACTER SET utf8mb4 COLLATE utf8mb4_unicode_ci NULL DEFAULT '' COMMENT '更新者',
  `update_time` datetime NOT NULL DEFAULT CURRENT_TIMESTAMP ON UPDATE CURRENT_TIMESTAMP COMMENT '更新时间',
  `deleted` bit(1) NOT NULL DEFAULT b'0' COMMENT '是否删除',
  `tenant_id` bigint NOT NULL DEFAULT 0 COMMENT '租户编号',
  PRIMARY KEY (`id`) USING BTREE
) ENGINE = InnoDB AUTO_INCREMENT = 13 CHARACTER SET = utf8mb4 COLLATE = utf8mb4_unicode_ci COMMENT = 'AI API 密钥表';

-- ----------------------------
-- Records of ai_api_key
-- ----------------------------
BEGIN;
INSERT INTO `ai_api_key` (`id`, `name`, `api_key`, `platform`, `url`, `status`, `creator`, `create_time`, `updater`, `update_time`, `deleted`, `tenant_id`) VALUES (1, '【OpenAI】ChatGPT', 'sk-yzKea6d8e8212c3bdd99f9f44ced1cae37c097e5aa3BTS7z', 'OpenAI', 'https://api.gptsapi.net', 0, '', '2024-05-10 01:37:55', '1', '2024-07-05 01:30:10', b'0', 1), (2, '呵呵', '123321', 'OpenAI', NULL, 0, '1', '2024-05-11 16:46:18', '1', '2024-05-17 15:15:08', b'1', 1), (3, '【Meta】Ollama', ' ', 'Ollama', 'http://127.0.0.1:11434', 0, '1', '2024-05-17 23:04:13', '1', '2024-07-05 01:30:10', b'0', 1), (4, '【百度】文心一言', 'x0cuLZ7XsaTCU08vuJWO87Lg|R9mYF9dl9KASgi5RUq0FQt3wRisSnOcK', 'YiYan', NULL, 0, '1', '2024-05-18 09:26:02', '1', '2024-07-05 01:30:10', b'0', 1), (5, '【讯飞】星火', '13c8cca6|cb6415c19d6162cda07b47316fcb0416|Y2JiYTIxZjA3MDMxMjNjZjQzYzVmNzdh', 'XingHuo', NULL, 0, '1', '2024-05-18 10:09:42', '1', '2024-07-05 01:30:10', b'0', 1), (6, '【阿里】通义千问', 'sk-Zsd81gZYg7', 'TongYi', NULL, 0, '1', '2024-05-18 10:33:12', '1', '2024-07-06 15:43:09', b'0', 1), (7, 'StableDiffusion', 'sk-e53UqbboF8QJCscYvzJscJxJXoFcFg4iJjl1oqgE7baJETmx', 'StableDiffusion', NULL, 0, '1', '2024-06-01 15:11:18', '1', '2024-07-05 01:30:10', b'0', 1), (8, '【阿里】通义千问（本地部署）', 'null', 'TongYi', 'http://localhost:11434', 0, '1', '2024-06-01 20:04:43', '1', '2024-07-06 15:43:21', b'0', 1), (9, 'Suno', 'Suno', 'Suno', 'http://127.0.0.1:3001', 0, '1', '2024-06-29 09:14:28', '1', '2024-07-05 01:30:10', b'0', 1), (10, 'Midjourney', 'sk-dZEPiVaNcT3FHhef51996bAa0bC74806BeAb620dA5Da10Bf', 'Midjourney', 'https://api.holdai.top/mj', 0, '1', '2024-06-29 09:40:20', '1', '2024-07-05 01:30:10', b'0', 1), (11, 'DeepSeek', 'sk-e94db327cc7d457d99a8de8810fc6b12', 'DeepSeek', NULL, 0, '1', '2024-07-06 12:06:04', '1', '2024-07-06 12:06:04', b'0', 1), (12, '智谱', '32f84543e54eee31f8d56b2bd6020573.3vh9idLJZ2ZhxDEs', 'ZhiPu', NULL, 0, '1', '2024-07-06 18:01:15', '1', '2024-07-06 18:03:12', b'0', 1);
COMMIT;

-- ----------------------------
-- Table structure for ai_chat_conversation
-- ----------------------------
DROP TABLE IF EXISTS `ai_chat_conversation`;
CREATE TABLE `ai_chat_conversation`  (
  `id` bigint NOT NULL AUTO_INCREMENT COMMENT '对话编号',
  `user_id` bigint NOT NULL COMMENT '用户编号',
  `role_id` bigint NULL DEFAULT NULL COMMENT '聊天角色',
  `title` varchar(256) CHARACTER SET utf8mb4 COLLATE utf8mb4_0900_bin NOT NULL COMMENT '对话标题',
  `model_id` bigint NOT NULL COMMENT '模型编号',
  `model` varchar(32) CHARACTER SET utf8mb4 COLLATE utf8mb4_0900_bin NOT NULL COMMENT '模型标识',
  `pinned` bit(1) NOT NULL COMMENT '是否置顶',
  `pinned_time` datetime NULL DEFAULT NULL COMMENT '置顶时间',
  `system_message` varchar(1024) CHARACTER SET utf8mb4 COLLATE utf8mb4_0900_bin NULL DEFAULT NULL COMMENT '角色设定',
  `temperature` double NOT NULL COMMENT '温度参数',
  `max_tokens` int NOT NULL COMMENT '单条回复的最大 Token 数量',
  `max_contexts` int NOT NULL COMMENT '上下文的最大 Message 数量',
  `creator` varchar(64) CHARACTER SET utf8mb4 COLLATE utf8mb4_unicode_ci NULL DEFAULT NULL COMMENT '创建人',
  `create_time` datetime NULL DEFAULT NULL COMMENT '创建时间',
  `updater` varchar(64) CHARACTER SET utf8mb4 COLLATE utf8mb4_unicode_ci NULL DEFAULT NULL COMMENT '更新人',
  `update_time` datetime NULL DEFAULT NULL ON UPDATE CURRENT_TIMESTAMP COMMENT '更新时间',
  `deleted` bit(1) NOT NULL DEFAULT b'0' COMMENT '是否删除',
  `tenant_id` bigint NULL DEFAULT NULL COMMENT '租户编号',
  PRIMARY KEY (`id`) USING BTREE
) ENGINE = InnoDB AUTO_INCREMENT = 1781604279872581736 CHARACTER SET = utf8mb4 COLLATE = utf8mb4_0900_bin COMMENT = 'AI 聊天对话表';

-- ----------------------------
-- Records of ai_chat_conversation
-- ----------------------------
BEGIN;
INSERT INTO `ai_chat_conversation` (`id`, `user_id`, `role_id`, `title`, `model_id`, `model`, `pinned`, `pinned_time`, `system_message`, `temperature`, `max_tokens`, `max_contexts`, `creator`, `create_time`, `updater`, `update_time`, `deleted`, `tenant_id`) VALUES (1781604279872581684, 1, 10, '新对话', 14, 'qwen-72b-chat', b'0', NULL, '您好，我是您的AI智能助手，我会尽力回答您的问题或提供有用的建议！！！！', 1, 20, 2, '1', '2024-05-20 22:22:39', '1', '2024-07-05 01:29:39', b'1', 1), (1781604279872581685, 1, 10, 'gpt测试', 11, 'gpt-3.5-turbo', b'1', '2024-05-21 16:26:29', '您好，我是您的AI智能助手，我会尽力回答您的问题或提供有用的建议！！！！', 1, 20, 20, '1', '2024-05-21 09:37:38', '1', '2024-07-05 01:29:53', b'1', 1), (1781604279872581686, 1, 10, '新的gpt测试', 11, 'gpt-3.5-turbo', b'0', NULL, '您好，我是您的AI智能助手，我会尽力回答您的问题或提供有用的建议！！！！', 1, 20, 20, '1', '2024-05-21 14:43:32', '1', '2024-07-05 01:29:41', b'1', 1), (1781604279872581687, 1, 10, '新对话', 11, 'gpt-3.5-turbo', b'0', NULL, '您好，我是您的AI智能助手，我会尽力回答您的问题或提供有用的建议！！！！', 1, 20, 20, '1', '2024-05-21 16:37:12', '1', '2024-07-05 01:29:53', b'1', 1), (1781604279872581688, 1, 10, '新对话', 10, 'ERNIE 4.0', b'0', NULL, '您好，我是您的AI智能助手，我会尽力回答您的问题或提供有用的建议！！！！', 1, 20, 20, '1', '2024-05-21 16:38:14', '1', '2024-07-05 01:29:53', b'1', 1), (1781604279872581689, 1, 10, '新对话', 14, 'qwen-72b-chat', b'0', NULL, '您好，我是您的AI智能助手，我会尽力回答您的问题或提供有用的建议！！！！', 1, 20, 20, '1', '2024-05-21 16:40:23', '1', '2024-07-05 01:29:53', b'1', 1), (1781604279872581690, 1, 10, '新对话111', 11, 'gpt-3.5-turbo', b'1', '2024-05-21 20:20:26', '您好，我是您的AI智能助手，我会尽力回答您的问题或提供有用的建议！！！！', 1, 20, 20, '1', '2024-05-21 16:42:06', '1', '2024-07-05 01:29:53', b'1', 1), (1781604279872581691, 1, 10, '新对话1112', 11, 'gpt-3.5-turbo', b'0', '2024-05-22 07:25:38', '您好，我是您的AI智能助手，我会尽力回答您的问题或提供有用的建议！！！！', 1, 20, 20, '1', '2024-05-21 20:12:18', '1', '2024-07-05 01:29:53', b'1', 1), (1781604279872581692, 1, 10, '新对话', 11, 'gpt-3.5-turbo', b'0', NULL, '您好，我是您的AI智能助手，我会尽力回答您的问题或提供有用的建议！！！！', 1, 20, 20, '1', '2024-05-21 20:12:32', '1', '2024-07-05 01:29:53', b'1', 1), (1781604279872581693, 1, 10, '通用 AI 助手', 11, 'gpt-3.5-turbo', b'0', NULL, '您好，我是您的AI智能助手，我会尽力回答您的问题或提供有用的建议！！！！', 1, 20, 20, '1', '2024-05-22 07:26:06', '1', '2024-07-05 01:29:53', b'1', 1), (1781604279872581694, 1, 10, '测试各种逻辑', 12, 'llama3', b'0', NULL, '您好，我是您的AI智能助手，我会尽力回答您的问题或提供有用的建议！！！！', 1, 2, 20, '1', '2024-05-22 09:55:37', '1', '2024-07-05 01:29:53', b'1', 1), (1781604279872581695, 1, 10, '新对话', 11, 'gpt-3.5-turbo', b'0', NULL, '您好，我是您的AI智能助手，我会尽力回答您的问题或提供有用的建议！！！！', 1, 20, 20, '1', '2024-05-22 10:46:38', '1', '2024-07-05 01:29:53', b'1', 1), (1781604279872581696, 1, 10, '新对话', 11, 'gpt-3.5-turbo', b'0', NULL, '您好，我是您的AI智能助手，我会尽力回答您的问题或提供有用的建议！！！！', 1, 20, 20, '1', '2024-05-23 20:37:42', '1', '2024-07-05 01:29:53', b'1', 1), (1781604279872581697, 1, 10, '新对话', 11, 'gpt-3.5-turbo', b'0', NULL, '您好，我是您的AI智能助手，我会尽力回答您的问题或提供有用的建议！！！！', 1, 20, 20, '1', '2024-05-23 20:41:25', '1', '2024-07-05 01:29:53', b'1', 1), (1781604279872581698, 1, NULL, '新对话', 11, 'gpt-3.5-turbo', b'0', NULL, NULL, 1, 20, 20, '1', '2024-05-24 12:46:36', '1', '2024-07-05 01:29:53', b'1', 1), (1781604279872581699, 1, NULL, '新对话', 10, 'ERNIE 4.0', b'0', NULL, NULL, 1, 4096, 20, '1', '2024-05-24 12:48:25', '1', '2024-07-05 01:29:53', b'1', 1), (1781604279872581700, 1, NULL, '新对话', 10, 'ERNIE 4.0', b'0', NULL, NULL, 1, 20, 20, '1', '2024-05-24 12:49:47', '1', '2024-07-05 01:29:53', b'1', 1), (1781604279872581701, 1, NULL, '新对话', 10, 'ERNIE 4.0', b'0', NULL, NULL, 1, 20, 20, '1', '2024-05-24 12:51:30', '1', '2024-07-05 01:29:53', b'1', 1), (1781604279872581702, 1, NULL, '新对话', 11, 'gpt-3.5-turbo', b'0', NULL, NULL, 1, 20, 20, '1', '2024-05-24 12:53:03', '1', '2024-07-05 01:29:53', b'1', 1), (1781604279872581703, 1, NULL, '新对话', 11, 'gpt-3.5-turbo', b'0', NULL, NULL, 1, 20, 20, '1', '2024-05-24 14:05:36', '1', '2024-07-05 01:29:53', b'1', 1), (1781604279872581704, 1, 10, '通用 AI 助手', 11, 'gpt-3.5-turbo', b'0', NULL, '您好，我是您的AI智能助手，我会尽力回答您的问题或提供有用的建议！！！！', 1, 20, 20, '1', '2024-05-24 14:06:52', '1', '2024-07-05 01:29:53', b'1', 1), (1781604279872581705, 1, 10, '通用 AI 助手', 11, 'gpt-3.5-turbo', b'0', NULL, '您好，我是您的AI智能助手，我会尽力回答您的问题或提供有用的建议！！！！', 1, 20, 20, '1', '2024-05-24 14:16:46', '1', '2024-07-05 01:29:53', b'1', 1), (1781604279872581706, 1, NULL, '新对话', 11, 'gpt-3.5-turbo', b'0', NULL, NULL, 1, 20, 20, '1', '2024-05-24 15:48:36', '1', '2024-07-05 01:29:53', b'1', 1), (1781604279872581707, 1, NULL, '新对话', 11, 'gpt-3.5-turbo', b'0', NULL, NULL, 1, 20, 20, '1', '2024-05-24 15:52:13', '1', '2024-07-05 01:29:53', b'1', 1), (1781604279872581708, 1, 10, '通用 AI 助手', 11, 'gpt-3.5-turbo', b'0', NULL, '您好，我是您的AI智能助手，我会尽力回答您的问题或提供有用的建议！！！！', 1, 4096, 20, '1', '2024-05-24 20:58:12', '1', '2024-07-05 01:29:53', b'1', 1), (1781604279872581709, 1, 11, 'Python 专家', 12, 'llama3', b'0', NULL, '我希望你能作为一名 python 专家。我将向你提供有关我的技术问题的所有信息，而你的角色是解决我的问题。你应该用你的计算机科学、网络基础设施和 IT 安全知识来解决我的问题。在你的回答中，使用聪明的、简单的、为各种层次的人所理解的语言会有帮助。逐步解释你的解决方案并使用要点是很有帮助的。尽量避免过多的技术细节，但在必要时使用它们。我希望你用解决方案来回答，而不是写任何解释。', 1, 4096, 10, '1', '2024-05-25 11:45:22', '1', '2024-07-05 01:29:53', b'1', 1), (1781604279872581710, 1, NULL, '新对话', 11, 'gpt-3.5-turbo', b'0', NULL, NULL, 1, 20, 20, '1', '2024-05-25 11:48:51', '1', '2024-07-05 01:29:53', b'1', 1), (1781604279872581711, 1, NULL, '新对话', 11, 'gpt-3.5-turbo', b'0', NULL, NULL, 1, 20, 20, '1', '2024-05-25 13:08:02', '1', '2024-07-05 01:29:53', b'1', 1), (1781604279872581712, 1, NULL, '新对话', 11, 'gpt-3.5-turbo', b'0', NULL, NULL, 1, 20, 20, '1', '2024-05-25 13:08:17', '1', '2024-07-05 01:29:53', b'1', 1), (1781604279872581713, 1, NULL, '测试讯飞', 13, 'generalv3.5', b'0', NULL, NULL, 1, 4096, 20, '1', '2024-05-25 13:17:28', '1', '2024-07-05 01:29:53', b'1', 1), (1781604279872581714, 1, NULL, '测试千问', 14, 'qwen-72b-chat', b'0', NULL, NULL, 1, 1000, 20, '1', '2024-05-25 13:20:22', '1', '2024-07-05 01:29:53', b'1', 1), (1781604279872581715, 1, 12, '小可爱角色', 11, 'gpt-3.5-turbo', b'1', '2024-07-04 23:39:14', '你好，我是宠物小精灵大师！', 1, 4096, 20, '1', '2024-05-25 13:25:51', '1', '2024-07-05 01:29:53', b'0', 1), (1781604279872581716, 1, NULL, '新对话', 15, 'Qwen-1.8B', b'0', NULL, NULL, 1, 2000, 20, '1', '2024-06-01 20:06:19', '1', '2024-07-05 01:29:53', b'1', 1), (1781604279872581717, 1, NULL, '新对话', 14, 'qwen-72b-chat', b'1', '2024-07-04 23:39:15', NULL, 1, 4096, 20, '1', '2024-06-01 20:08:09', '1', '2024-07-06 10:05:01', b'1', 1), (1781604279872581718, 1, NULL, '新对话', 11, 'gpt-3.5-turbo', b'0', NULL, NULL, 1, 4096, 20, '1', '2024-06-01 21:53:36', '1', '2024-07-05 01:29:53', b'1', 1), (1781604279872581719, 1, NULL, '新对话', 9, 'ERNIE-3.5-8K', b'0', NULL, NULL, 1, 4096, 20, '1', '2024-06-02 08:52:56', '1', '2024-07-05 01:29:53', b'1', 1), (1781604279872581720, 1, NULL, '新对话', 9, 'ERNIE-3.5-8K', b'0', NULL, NULL, 1, 4096, 20, '1', '2024-06-02 09:07:19', '1', '2024-07-05 01:29:53', b'1', 1), (1781604279872581721, 1, NULL, '新对话', 9, 'ERNIE-3.5-8K', b'1', '2024-07-04 23:39:12', NULL, 0.5, 1000, 20, '1', '2024-06-02 09:13:16', '1', '2024-07-06 10:05:03', b'1', 1), (1781604279872581722, 1, NULL, '新对话', 13, 'generalv3.5', b'1', '2024-07-04 23:39:12', NULL, 1, 4096, 20, '1', '2024-06-29 17:31:06', '1', '2024-07-06 10:05:06', b'1', 1), (1781604279872581723, 1, NULL, '新对话', 14, 'qwen-72b-chat', b'1', '2024-07-04 23:39:10', NULL, 1, 2000, 20, '1', '2024-06-29 17:52:44', '1', '2024-07-06 10:05:09', b'1', 1), (1781604279872581724, 1, NULL, '新对话', 10, 'ERNIE 4.0', b'1', '2024-07-04 23:39:09', NULL, 1, 1000, 20, '1', '2024-06-29 18:08:45', '1', '2024-07-06 10:05:11', b'1', 1), (1781604279872581725, 1, NULL, '新对话', 14, 'qwen-72b-chat', b'1', '2024-07-04 23:39:07', NULL, 1, 1000, 20, '1', '2024-06-29 18:51:22', '1', '2024-07-06 10:05:12', b'1', 1), (1781604279872581726, 1, NULL, '新对话', 19, 'GLM-4', b'0', NULL, NULL, 1, 1024, 20, '1', '2024-07-05 00:08:15', '1', '2024-07-06 10:03:43', b'1', 1), (1781604279872581727, 1, NULL, '讯飞星火', 13, 'generalv3.5', b'0', NULL, '', 1, 4096, 20, '1', '2024-07-06 08:43:54', '1', '2024-07-06 18:04:51', b'0', 1), (1781604279872581728, 1, NULL, 'deepseek', 17, 'deepseek-chat', b'0', NULL, NULL, 1, 4096, 20, '1', '2024-07-06 12:07:31', '1', '2024-07-06 18:04:41', b'0', 1), (1781604279872581729, 1, NULL, 'llama3', 12, 'llama3', b'0', NULL, NULL, 1, 4096, 20, '1', '2024-07-06 14:47:03', '1', '2024-07-06 18:04:27', b'0', 1), (1781604279872581730, 1, NULL, '通义千问', 14, 'qwen-72b-chat', b'0', NULL, NULL, 1, 2000, 20, '1', '2024-07-06 15:43:43', '1', '2024-07-06 18:04:18', b'0', 1), (1781604279872581731, 1, NULL, '新对话', 10, 'ERNIE 4.0', b'0', NULL, NULL, 1, 4096, 20, '1', '2024-07-06 15:55:30', '1', '2024-07-06 10:04:11', b'1', 1), (1781604279872581732, 1, NULL, '新对话', 16, 'ernie_speed', b'0', NULL, NULL, 1, 4096, 20, '1', '2024-07-06 16:31:46', '1', '2024-07-06 10:04:02', b'1', 1), (1781604279872581733, 1, NULL, '文心一言', 16, 'ernie_speed', b'0', NULL, '你是一个 java 专家', 1, 4096, 20, '1', '2024-07-06 16:32:37', '1', '2024-07-06 18:03:57', b'0', 1), (1781604279872581734, 1, NULL, 'gpt', 11, 'gpt-3.5-turbo', b'0', NULL, NULL, 1, 4096, 20, '1', '2024-07-06 18:01:48', '1', '2024-07-06 18:03:52', b'0', 1), (1781604279872581735, 1, NULL, 'GLM-4', 19, 'GLM-4', b'0', NULL, NULL, 0.75, 4096, 20, '1', '2024-07-06 18:05:14', '1', '2024-07-06 18:13:27', b'0', 1);
COMMIT;

-- ----------------------------
-- Table structure for ai_chat_message
-- ----------------------------
DROP TABLE IF EXISTS `ai_chat_message`;
CREATE TABLE `ai_chat_message`  (
  `id` bigint NOT NULL AUTO_INCREMENT COMMENT '消息编号',
  `conversation_id` bigint NOT NULL COMMENT '对话编号',
  `reply_id` bigint NULL DEFAULT NULL COMMENT '回复编号',
  `user_id` bigint NOT NULL COMMENT '用户编号',
  `role_id` bigint NULL DEFAULT NULL COMMENT '角色编号',
  `type` varchar(16) CHARACTER SET utf8mb4 COLLATE utf8mb4_0900_bin NOT NULL COMMENT '消息类型',
  `model` varchar(32) CHARACTER SET utf8mb4 COLLATE utf8mb4_0900_bin NOT NULL COMMENT '模型标识',
  `model_id` bigint NOT NULL COMMENT '模型编号',
  `content` varchar(2048) CHARACTER SET utf8mb4 COLLATE utf8mb4_0900_bin NOT NULL COMMENT '消息内容',
  `use_context` bit(1) NOT NULL DEFAULT b'0' COMMENT '是否携带上下文',
  `creator` varchar(64) CHARACTER SET utf8mb4 COLLATE utf8mb4_unicode_ci NULL DEFAULT NULL COMMENT '创建人',
  `create_time` datetime NULL DEFAULT NULL COMMENT '创建时间',
  `updater` varchar(64) CHARACTER SET utf8mb4 COLLATE utf8mb4_unicode_ci NULL DEFAULT NULL COMMENT '更新人',
  `update_time` datetime NULL DEFAULT NULL ON UPDATE CURRENT_TIMESTAMP COMMENT '更新时间',
  `deleted` bit(1) NOT NULL DEFAULT b'0' COMMENT '是否删除',
  `tenant_id` bigint NULL DEFAULT NULL COMMENT '租户编号',
  PRIMARY KEY (`id`) USING BTREE
) ENGINE = InnoDB AUTO_INCREMENT = 2319 CHARACTER SET = utf8mb4 COLLATE = utf8mb4_0900_bin COMMENT = 'AI 聊天消息表';

-- ----------------------------
-- Records of ai_chat_message
-- ----------------------------
BEGIN;
INSERT INTO `ai_chat_message` (`id`, `conversation_id`, `reply_id`, `user_id`, `role_id`, `type`, `model`, `model_id`, `content`, `use_context`, `creator`, `create_time`, `updater`, `update_time`, `deleted`, `tenant_id`) VALUES (1481, 1781604279872581686, NULL, 1, 10, 'user', 'gpt-3.5-turbo', 11, '测试小苹果？', b'0', '1', '2024-05-21 14:47:37', '1', '2024-07-05 01:30:39', b'0', 1), (1482, 1781604279872581686, 1481, 1, 10, 'assistant', 'gpt-3.5-turbo', 11, '很，我抱无法提供果歉关于\"测试小苹\"的信息。请问您有其他问题或者需要帮助吗？我会尽力回答提或者供帮助。', b'0', '1', '2024-05-21 14:47:37', NULL, '2024-07-05 01:30:39', b'0', 1), (1483, 1781604279872581686, NULL, 1, 10, 'user', 'gpt-3.5-turbo', 11, '真的么？', b'0', '1', '2024-05-21 14:47:59', '1', '2024-07-05 01:30:39', b'0', 1), (1484, 1781604279872581686, 1483, 1, 10, 'assistant', 'gpt-3.5-turbo', 11, '', b'0', '1', '2024-05-21 14:47:59', '1', '2024-07-05 01:30:39', b'0', 1), (1485, 1781604279872581686, NULL, 1, 10, 'user', 'gpt-3.5-turbo', 11, '测试小苹果？', b'0', '1', '2024-05-21 14:49:33', '1', '2024-07-05 01:30:39', b'0', 1), (1486, 1781604279872581686, 1485, 1, 10, 'assistant', 'gpt-3.5-turbo', 11, '以下您好如果您想测试小苹果，您可以尝试几种方法：\n\n1. 检查苹果的外观：观察苹果的大小、形状和颜色。小苹果通常比大苹果要小一些。\n\n2. 感受苹果的：轻轻拿起苹果，小苹果通常比大苹果要轻一些。\n\n3. 闻闻苹果的气味：小苹果和大苹果在气味上没有显著差异，但如果苹果发出任何不寻常的气味表示它已经坏了。\n\n4. 尝尝苹果的口感：小苹果和大苹果在口感上没有明显差异，但小苹果可能会更脆一些。\n\n请注意，这些方法只是一些常见的判断方法，最可靠的方法还是根据您的个人经验和偏好来判断。祝您选购到满意的小苹果！！重量，可能', b'0', '1', '2024-05-21 14:49:33', NULL, '2024-07-05 01:30:39', b'0', 1), (1487, 1781604279872581686, NULL, 1, 10, 'user', 'gpt-3.5-turbo', 11, '测试小苹果？', b'0', '1', '2024-05-21 14:51:48', '1', '2024-07-05 01:30:39', b'0', 1), (1488, 1781604279872581686, 1487, 1, 10, 'assistant', 'gpt-3.5-turbo', 11, '小一苹果中首非常流这文歌以歌曲，由筷子兄其轻快的旋是行的弟演唱。首律和欢快的歌词而广受欢迎，成为了一个流行的舞蹈曲目。这首歌以幽默的主角时的努力和坚持，表达了方式描述了一个男主角在追求女积极向上的态度。如果您想听这首歌或学习它的舞蹈，可以在各大音乐平台或视频网站上搜索\"小苹果\"即可找到相关的资源。', b'0', '1', '2024-05-21 14:51:48', NULL, '2024-07-05 01:30:39', b'0', 1), (1489, 1781604279872581686, NULL, 1, 10, 'user', 'gpt-3.5-turbo', 11, '测试小苹果？', b'0', '1', '2024-05-21 14:52:24', '1', '2024-07-05 01:30:39', b'0', 1), (1490, 1781604279872581686, 1489, 1, 10, 'assistant', 'gpt-3.5-turbo', 11, '请想问您测试小苹果是这首歌曲吗？告如果诉您一些有关这首小苹果》是一首由中国歌手筷子兄弟演是的话，我可以歌曲的信息。\n\n《唱的歌曲，于2014年发布。这首歌曲的快节奏和旋律非常受欢迎，成为了当时的流行歌曲之一。歌曲的歌词讲述了对爱情欢快的的表达和追求，以及对美好生活的向往。\n\n这首歌曲的MV（音乐视频）也非常具有特色，以“红人”形象和有趣的舞蹈动作而闻名。这个MV在网络上迅速走红，引起了广泛的关注和模仿。\n\n如果您有其他关于《小苹果》的问题，或者需要其他帮助，请随时告诉我！', b'0', '1', '2024-05-21 14:52:26', NULL, '2024-07-05 01:30:39', b'0', 1), (1491, 1781604279872581686, NULL, 1, 10, 'user', 'gpt-3.5-turbo', 11, '测试小苹果？', b'0', '1', '2024-05-21 14:53:14', '1', '2024-07-05 01:30:39', b'0', 1), (1492, 1781604279872581686, 1491, 1, 10, 'assistant', 'gpt-3.5-turbo', 11, '小一苹果首非常流是行的中文歌曲，由筷子兄弟演唱。这首歌曲于2014年发布后迅很速走红，并成多人喜欢跳舞的歌为了曲之非一。歌曲的歌词简单、旋律会常容易上口，因此广受欢迎。如果您有尽力为您解答。欢快，任何关于这首歌曲的问题，我', b'0', '1', '2024-05-21 14:53:14', NULL, '2024-07-05 01:30:39', b'0', 1), (1493, 1781604279872581686, NULL, 1, 10, 'user', 'gpt-3.5-turbo', 11, '测试小苹果？', b'0', '1', '2024-05-21 14:53:37', '1', '2024-07-05 01:30:39', b'0', 1), (1494, 1781604279872581686, 1493, 1, 10, 'assistant', 'gpt-3.5-turbo', 11, '请问体想您测试什么具关于小苹果的内容？苹果是一首歌曲的更多的信息，我会尽力帮助您。呢小名称，还是指其他的东西？请提供', b'0', '1', '2024-05-21 14:53:37', NULL, '2024-07-05 01:30:39', b'0', 1), (1495, 1781604279872581686, NULL, 1, 10, 'user', 'gpt-3.5-turbo', 11, '你是 OpenAI 么？', b'0', '1', '2024-05-21 14:54:13', '1', '2024-07-05 01:30:39', b'0', 1), (1496, 1781604279872581686, 1495, 1, 10, 'assistant', 'gpt-3.5-turbo', 11, '是的是Open手，AI的智能。我在是基于OpenAI的提供有用的我助技术开发的，旨信息和帮助回答用户的问题。如果您有任何问题或需要任何帮助，请随时告诉我。', b'0', '1', '2024-05-21 14:54:13', NULL, '2024-07-05 01:30:39', b'0', 1), (1497, 1781604279872581686, NULL, 1, 10, 'user', 'gpt-3.5-turbo', 11, '测试新的调用', b'0', '1', '2024-05-21 15:16:32', '1', '2024-07-05 01:30:39', b'0', 1), (1498, 1781604279872581686, 1497, 1, 10, 'assistant', 'gpt-3.5-turbo', 11, '非常抱无法理解您请的您提供更多详细信息歉，我意思。，我将尽力帮助您。', b'0', '1', '2024-05-21 15:16:32', NULL, '2024-07-05 01:30:39', b'0', 1), (1499, 1781604279872581686, NULL, 1, 10, 'user', 'gpt-3.5-turbo', 11, '哈哈哈哈', b'0', '1', '2024-05-21 15:17:41', '1', '2024-07-05 01:30:39', b'0', 1), (1500, 1781604279872581686, 1499, 1, 10, 'assistant', 'gpt-3.5-turbo', 11, '您好！很看心来您或开呢！有什需要我帮助的吗？么问题', b'0', '1', '2024-05-21 15:17:41', NULL, '2024-07-05 01:30:39', b'0', 1), (1501, 1781604279872581686, NULL, 1, 10, 'user', 'gpt-3.5-turbo', 11, '还不错啊', b'0', '1', '2024-05-21 15:18:42', '1', '2024-07-05 01:30:39', b'0', 1), (1502, 1781604279872581686, 1501, 1, 10, 'assistant', 'gpt-3.5-turbo', 11, '感谢您奖！我会续努力为您提供更的服务！如果您有任何问题或需要帮助，请随时的夸继好告诉我。', b'0', '1', '2024-05-21 15:18:42', NULL, '2024-07-05 01:30:39', b'0', 1), (1503, 1781604279872581686, NULL, 1, 10, 'user', 'gpt-3.5-turbo', 11, '测试一下', b'0', '1', '2024-05-21 15:19:35', '1', '2024-07-05 01:30:39', b'0', 1), (1504, 1781604279872581686, 1503, 1, 10, 'assistant', 'gpt-3.5-turbo', 11, '当然，请什么问题或需要帮助的地方吗？问有者', b'0', '1', '2024-05-21 15:19:35', NULL, '2024-07-05 01:30:39', b'0', 1), (1505, 1781604279872581686, NULL, 1, 10, 'user', 'gpt-3.5-turbo', 11, '哈哈哈哈', b'0', '1', '2024-05-21 15:22:07', '1', '2024-07-05 01:30:39', b'0', 1), (1506, 1781604279872581686, 1505, 1, 10, 'assistant', 'gpt-3.5-turbo', 11, '您来好！您很高兴，有什么我可以帮助您的吗？看', b'0', '1', '2024-05-21 15:22:07', NULL, '2024-07-05 01:30:39', b'0', 1), (1507, 1781604279872581686, NULL, 1, 10, 'user', 'gpt-3.5-turbo', 11, '你好呀', b'0', '1', '2024-05-21 15:22:53', '1', '2024-07-05 01:30:39', b'0', 1), (1508, 1781604279872581686, 1507, 1, 10, 'assistant', 'gpt-3.5-turbo', 11, '你好么！我有什可以帮助你的吗？', b'0', '1', '2024-05-21 15:22:53', NULL, '2024-07-05 01:30:39', b'0', 1), (1509, 1781604279872581686, NULL, 1, 10, 'user', 'gpt-3.5-turbo', 11, '呵呵呵', b'0', '1', '2024-05-21 15:24:40', '1', '2024-07-05 01:30:39', b'0', 1), (1510, 1781604279872581686, 1509, 1, 10, 'assistant', 'gpt-3.5-turbo', 11, '您好！您么我可以帮的吗？有什助', b'0', '1', '2024-05-21 15:24:40', NULL, '2024-07-05 01:30:39', b'0', 1), (1511, 1781604279872581686, NULL, 1, 10, 'user', 'gpt-3.5-turbo', 11, '哎哟喂', b'0', '1', '2024-05-21 15:25:20', '1', '2024-07-05 01:30:39', b'0', 1), (1512, 1781604279872581686, 1511, 1, 10, 'assistant', 'gpt-3.5-turbo', 11, '有您好！什？么问题或请告诉我，我会尽需要帮助吗力为您提供帮助。', b'0', '1', '2024-05-21 15:25:20', NULL, '2024-07-05 01:30:39', b'0', 1), (1513, 1781604279872581686, NULL, 1, 10, 'user', 'gpt-3.5-turbo', 11, '你好哈', b'0', '1', '2024-05-21 16:07:48', '1', '2024-07-05 01:30:39', b'0', 1), (1514, 1781604279872581686, 1513, 1, 10, 'assistant', 'gpt-3.5-turbo', 11, 'Failed to resolve \'api.gptsapi.net\' [A(1), AAAA(28)] after 4 queries ', b'0', '1', '2024-05-21 16:07:48', NULL, '2024-07-05 01:30:39', b'0', 1), (1515, 1781604279872581686, NULL, 1, 10, 'user', 'gpt-3.5-turbo', 11, '你好哈？', b'0', '1', '2024-05-21 16:08:06', '1', '2024-07-05 01:30:39', b'0', 1), (1516, 1781604279872581686, 1515, 1, 10, 'assistant', 'gpt-3.5-turbo', 11, '你好！我的可以帮助你吗？有什么', b'0', '1', '2024-05-21 16:08:06', NULL, '2024-07-05 01:30:39', b'0', 1), (1517, 1781604279872581686, NULL, 1, 10, 'user', 'gpt-3.5-turbo', 11, '你好呀', b'0', '1', '2024-05-21 16:09:46', '1', '2024-07-05 01:30:39', b'0', 1), (1518, 1781604279872581686, 1517, 1, 10, 'assistant', 'gpt-3.5-turbo', 11, '', b'0', '1', '2024-05-21 16:09:46', '1', '2024-07-05 01:30:39', b'0', 1), (1519, 1781604279872581686, NULL, 1, 10, 'user', 'gpt-3.5-turbo', 11, '你好哈', b'0', '1', '2024-05-21 16:09:51', '1', '2024-07-05 01:30:39', b'0', 1), (1520, 1781604279872581686, 1519, 1, 10, 'assistant', 'gpt-3.5-turbo', 11, '你什好！么我可以帮有助你的吗？', b'0', '1', '2024-05-21 16:09:51', NULL, '2024-07-05 01:30:39', b'0', 1), (1521, 1781604279872581686, NULL, 1, 10, 'user', 'gpt-3.5-turbo', 11, '你好哈', b'0', '1', '2024-05-21 16:10:06', '1', '2024-07-05 01:30:39', b'0', 1), (1522, 1781604279872581686, 1521, 1, 10, 'assistant', 'gpt-3.5-turbo', 11, '你好！什么我可以吗？有帮助你的', b'0', '1', '2024-05-21 16:10:06', NULL, '2024-07-05 01:30:39', b'0', 1), (1523, 1781604279872581686, NULL, 1, 10, 'user', 'gpt-3.5-turbo', 11, '你好啊', b'0', '1', '2024-05-21 16:10:54', '1', '2024-07-05 01:30:39', b'0', 1), (1524, 1781604279872581686, 1523, 1, 10, 'assistant', 'gpt-3.5-turbo', 11, '你什助好！么我可以帮你的吗？有', b'0', '1', '2024-05-21 16:10:54', NULL, '2024-07-05 01:30:39', b'0', 1), (1525, 1781604279872581686, NULL, 1, 10, 'user', 'gpt-3.5-turbo', 11, 'nihao 呀', b'0', '1', '2024-05-21 16:11:32', '1', '2024-07-05 01:30:39', b'0', 1), (1526, 1781604279872581686, 1525, 1, 10, 'assistant', 'gpt-3.5-turbo', 11, '你什好！么我可以帮助你的吗？有', b'0', '1', '2024-05-21 16:11:32', NULL, '2024-07-05 01:30:39', b'0', 1), (1527, 1781604279872581686, NULL, 1, 10, 'user', 'gpt-3.5-turbo', 11, '你好呀', b'0', '1', '2024-05-21 16:13:47', '1', '2024-07-05 01:30:39', b'0', 1), (1528, 1781604279872581686, 1527, 1, 10, 'assistant', 'gpt-3.5-turbo', 11, '你好！什么我可以助您的吗？有帮', b'0', '1', '2024-05-21 16:13:47', NULL, '2024-07-05 01:30:39', b'0', 1), (1529, 1781604279872581686, NULL, 1, 10, 'user', 'gpt-3.5-turbo', 11, '你好呀', b'0', '1', '2024-05-21 16:14:02', '1', '2024-07-05 01:30:39', b'0', 1), (1530, 1781604279872581686, 1529, 1, 10, 'assistant', 'gpt-3.5-turbo', 11, '你什助好！么我可以帮你的吗？有', b'0', '1', '2024-05-21 16:14:02', NULL, '2024-07-05 01:30:39', b'0', 1), (1531, 1781604279872581685, NULL, 1, 10, 'user', 'gpt-3.5-turbo', 11, '你说噶', b'0', '1', '2024-05-21 16:26:37', '1', '2024-07-05 01:30:39', b'0', 1), (1532, 1781604279872581685, 1531, 1, 10, 'assistant', 'gpt-3.5-turbo', 11, '噶言或是一个词汇，通常用来表示“哪个”“哪里”的意思。在不同的地区和方方言中，噶可能会有略微不同的用法和发音。如果您有具体的问题或需要更多的解，请释告诉我，我会尽力帮助您。', b'0', '1', '2024-05-21 16:26:37', NULL, '2024-07-05 01:30:39', b'0', 1), (1533, 1781604279872581685, NULL, 1, 10, 'user', 'gpt-3.5-turbo', 11, '你说一下噶', b'0', '1', '2024-05-21 16:27:07', '1', '2024-07-05 01:30:39', b'0', 1), (1534, 1781604279872581685, 1533, 1, 10, 'assistant', 'gpt-3.5-turbo', 11, '噶是一个词于汇，的地通西南方言中，具体意思可能因域和语境的方言常用指代不同而有所差异。在一些地方，噶可以表示“那个”、“这个”、“在代词，用于引事物。此外，噶还可以用作形容词，表示某个人或事物的状态或特征。需要注意的是不同的地区有不同的用法和含义。哪个”等指示导特定的人或，噶是地方方言中的词汇，可能', b'0', '1', '2024-05-21 16:27:07', NULL, '2024-07-05 01:30:39', b'0', 1), (1535, 1781604279872581685, NULL, 1, 10, 'user', 'gpt-3.5-turbo', 11, '你说？', b'0', '1', '2024-05-21 16:34:25', '1', '2024-07-05 01:30:39', b'0', 1), (1536, 1781604279872581685, 1535, 1, 10, 'assistant', 'gpt-3.5-turbo', 11, '，回很抱歉我之前的答有点问题。请问有什么我可以帮助您的？', b'0', '1', '2024-05-21 16:34:25', NULL, '2024-07-05 01:30:39', b'0', 1), (1537, 1781604279872581684, NULL, 1, 10, 'user', 'qwen-72b-chat', 14, '你猜？？', b'0', '1', '2024-05-21 16:34:55', '1', '2024-07-05 01:30:39', b'0', 1), (1538, 1781604279872581684, 1537, 1, 10, 'assistant', 'qwen-72b-chat', 14, '很抱歉，由于您没有给出具体的问题或提示信息，我无法进行猜测。请告诉我您想要让我猜测的内容或者提出您的问题。', b'0', '1', '2024-05-21 16:34:55', NULL, '2024-07-05 01:30:39', b'0', 1), (1539, 1781604279872581685, NULL, 1, 10, 'user', 'gpt-3.5-turbo', 11, '鹅鹅鹅饿', b'0', '1', '2024-05-21 16:35:35', '1', '2024-07-05 01:30:39', b'0', 1), (1540, 1781604279872581685, 1539, 1, 10, 'assistant', 'gpt-3.5-turbo', 11, '，鹅鹅鹅饿了吗？\n您可以找些食物给它，鹅常吃的食物包括草、水生植物、吃谷物等。记得给它或提供足够的水源，以保持它的健康和饱食感。另外，专业人士，以获取更详细的饲养建议。也可以考虑咨询兽医', b'0', '1', '2024-05-21 16:35:35', NULL, '2024-07-05 01:30:39', b'0', 1), (1541, 1781604279872581685, NULL, 1, 10, 'user', 'gpt-3.5-turbo', 11, '你说是就是啥？', b'0', '1', '2024-05-21 16:36:08', '1', '2024-07-05 01:30:39', b'0', 1), (1542, 1781604279872581685, 1541, 1, 10, 'assistant', 'gpt-3.5-turbo', 11, '\"一个是\"肯定回答的词语，表示同意或确认。它可以用来回答一个肯定的问题，也可以是用来表示同意对方的观点或意见。例如，如果有人问回你是否愿意出去吃饭，你可以答\"是\"表示同意他们的观点。回答\"是\"表示同意。如果有人说某个观点，你可以', b'0', '1', '2024-05-21 16:36:08', NULL, '2024-07-05 01:30:39', b'0', 1), (1543, 1781604279872581687, NULL, 1, 10, 'user', 'gpt-3.5-turbo', 11, '你说一下', b'0', '1', '2024-05-21 16:37:32', '1', '2024-07-05 01:30:39', b'0', 1), (1544, 1781604279872581687, 1543, 1, 10, 'assistant', 'gpt-3.5-turbo', 11, '当您方供然，请想听什么面的内容呢？我可以提关于科学、历史、文化、健康问、等各个领域的信息和建议。技术', b'0', '1', '2024-05-21 16:37:32', NULL, '2024-07-05 01:30:39', b'0', 1), (1545, 1781604279872581687, NULL, 1, 10, 'user', 'gpt-3.5-turbo', 11, '貌似数据不全？', b'0', '1', '2024-05-21 16:37:56', '1', '2024-07-05 01:30:39', b'0', 1), (1546, 1781604279872581687, 1545, 1, 10, 'assistant', 'gpt-3.5-turbo', 11, '非常，如果抱数据不完整或者缺失，歉我力提供已有的信息或者帮助您找会尽查相关的资料。请告诉我您需要了解的具体内容，我会尽力回答您的问题或提供有用的建议。', b'0', '1', '2024-05-21 16:37:56', NULL, '2024-07-05 01:30:39', b'0', 1), (1547, 1781604279872581688, NULL, 1, 10, 'user', 'ERNIE 4.0', 10, '看看tongyi 会不会关闭？', b'0', '1', '2024-05-21 16:38:31', '1', '2024-07-05 01:30:39', b'0', 1), (1548, 1781604279872581688, 1547, 1, 10, 'assistant', 'ERNIE 4.0', 10, '您提到的“tongyi”这个词可能有多种含义，例如它可以指一个公司、一个平台、一个服务，或者是一个更广泛的概念。因此，我无法直接预测它是否会关闭。\n\n如果您指的是某个具体的公司或平台，例如“统一股份”或“统一企业”等，那么它的关闭与否取决于多种因素，如公司的经营状况、市场环境、政策变化等。这些因素都是动态变化的，所以无法给出确定的答案。\n\n如果您想了解某个公司或平台的最新动态和前景，建议您查阅相关的新闻报道、官方公告或行业分析，以获取更准确的信息。同时，也可以关注该公司的市场表现、财务状况和竞争力等方面，以便做出更明智的判断。\n\n如果您有其他的问题或需要进一步的建议，请随时告诉我。', b'0', '1', '2024-05-21 16:38:31', NULL, '2024-07-05 01:30:39', b'0', 1), (1549, 1781604279872581687, NULL, 1, 10, 'user', 'gpt-3.5-turbo', 11, '1+1=?', b'0', '1', '2024-05-21 16:39:22', '1', '2024-07-05 01:30:39', b'0', 1), (1550, 1781604279872581687, 1549, 1, 10, 'assistant', 'gpt-3.5-turbo', 11, 'handshake timed out after 10000ms', b'0', '1', '2024-05-21 16:39:22', NULL, '2024-07-05 01:30:39', b'0', 1), (1551, 1781604279872581687, NULL, 1, 10, 'user', 'gpt-3.5-turbo', 11, '1+1=?', b'0', '1', '2024-05-21 16:39:36', '1', '2024-07-05 01:30:39', b'0', 1), (1552, 1781604279872581687, 1551, 1, 10, 'assistant', 'gpt-3.5-turbo', 11, '=1+12', b'0', '1', '2024-05-21 16:39:36', NULL, '2024-07-05 01:30:39', b'0', 1), (1553, 1781604279872581688, NULL, 1, 10, 'user', 'ERNIE 4.0', 10, '1+1=?', b'0', '1', '2024-05-21 16:39:52', '1', '2024-07-05 01:30:39', b'0', 1), (1554, 1781604279872581688, 1553, 1, 10, 'assistant', 'ERNIE 4.0', 10, '1+1等于2。这是基础的算术加法运算。如果您有其他问题或需要更多解释，请随时告诉我。', b'0', '1', '2024-05-21 16:39:52', NULL, '2024-07-05 01:30:39', b'0', 1), (1555, 1781604279872581688, NULL, 1, 10, 'user', 'ERNIE 4.0', 10, '3+3=?', b'0', '1', '2024-05-21 16:40:11', '1', '2024-07-05 01:30:39', b'0', 1), (1556, 1781604279872581688, 1555, 1, 10, 'assistant', 'ERNIE 4.0', 10, '3 + 3 等于 6。这是一个基础的加法运算。如果您还有其他问题或者需要更多的帮助，请随时告诉我。', b'0', '1', '2024-05-21 16:40:11', NULL, '2024-07-05 01:30:39', b'0', 1), (1557, 1781604279872581689, NULL, 1, 10, 'user', 'qwen-72b-chat', 14, '1+1=？', b'0', '1', '2024-05-21 16:40:54', '1', '2024-07-05 01:30:39', b'0', 1), (1558, 1781604279872581689, 1557, 1, 10, 'assistant', 'qwen-72b-chat', 14, '1 + 1 等于 2。', b'0', '1', '2024-05-21 16:40:54', NULL, '2024-07-05 01:30:39', b'0', 1), (1559, 1781604279872581690, NULL, 1, 10, 'user', 'gpt-3.5-turbo', 11, '你说呢？', b'0', '1', '2024-05-21 16:42:17', '1', '2024-07-05 01:30:39', b'1', 1), (1560, 1781604279872581690, 1559, 1, 10, 'assistant', 'gpt-3.5-turbo', 11, '作助我相信为AI智能手，我会尽力为您提供准确和有用的回答和建议。如果您有任何问题或需要帮助，请随时告诉我，我会尽力满足您的需求。', b'0', '1', '2024-05-21 16:42:17', NULL, '2024-07-05 01:30:39', b'1', 1), (1561, 1781604279872581690, NULL, 1, 10, 'user', 'gpt-3.5-turbo', 11, '1+1=？', b'0', '1', '2024-05-21 16:42:28', '1', '2024-07-05 01:30:39', b'1', 1), (1562, 1781604279872581690, 1561, 1, 10, 'assistant', 'gpt-3.5-turbo', 11, '1+21=', b'0', '1', '2024-05-21 16:42:29', NULL, '2024-07-05 01:30:39', b'1', 1), (1563, 1781604279872581690, NULL, 1, 10, 'user', 'gpt-3.5-turbo', 11, '1+1=2？', b'0', '1', '2024-05-21 16:43:02', '1', '2024-07-05 01:30:39', b'1', 1), (1564, 1781604279872581690, 1563, 1, 10, 'assistant', 'gpt-3.5-turbo', 11, '是的，1等于21加。', b'0', '1', '2024-05-21 16:43:02', NULL, '2024-07-05 01:30:39', b'1', 1), (1565, 1781604279872581690, NULL, 1, 10, 'user', 'gpt-3.5-turbo', 11, '2+2=？', b'0', '1', '2024-05-21 16:43:40', '1', '2024-07-05 01:30:39', b'1', 1), (1566, 1781604279872581690, 1565, 1, 10, 'assistant', 'gpt-3.5-turbo', 11, '24+2=', b'0', '1', '2024-05-21 16:43:40', NULL, '2024-07-05 01:30:39', b'1', 1), (1567, 1781604279872581690, NULL, 1, 10, 'user', 'gpt-3.5-turbo', 11, '1+1=?', b'0', '1', '2024-05-21 16:47:24', '1', '2024-07-05 01:30:39', b'1', 1), (1568, 1781604279872581690, 1567, 1, 10, 'assistant', 'gpt-3.5-turbo', 11, '1+1=2', b'0', '1', '2024-05-21 16:47:24', NULL, '2024-07-05 01:30:39', b'1', 1), (1569, 1781604279872581690, NULL, 1, 10, 'user', 'gpt-3.5-turbo', 11, '1+1=?', b'0', '1', '2024-05-21 16:47:43', '1', '2024-07-05 01:30:39', b'1', 1), (1570, 1781604279872581690, 1569, 1, 10, 'assistant', 'gpt-3.5-turbo', 11, '1+1=2', b'0', '1', '2024-05-21 16:47:43', NULL, '2024-07-05 01:30:39', b'1', 1), (1571, 1781604279872581690, NULL, 1, 10, 'user', 'gpt-3.5-turbo', 11, '1+1=?', b'0', '1', '2024-05-21 17:02:08', '1', '2024-07-05 01:30:39', b'1', 1), (1572, 1781604279872581690, 1571, 1, 10, 'assistant', 'gpt-3.5-turbo', 11, '=1+12', b'0', '1', '2024-05-21 17:02:08', NULL, '2024-07-05 01:30:39', b'1', 1), (1573, 1781604279872581690, NULL, 1, 10, 'user', 'gpt-3.5-turbo', 11, '1+1=?', b'0', '1', '2024-05-21 17:05:48', '1', '2024-07-05 01:30:39', b'1', 1), (1574, 1781604279872581690, 1573, 1, 10, 'assistant', 'gpt-3.5-turbo', 11, '12+1=', b'0', '1', '2024-05-21 17:05:48', NULL, '2024-07-05 01:30:39', b'1', 1), (1575, 1781604279872581690, NULL, 1, 10, 'user', 'gpt-3.5-turbo', 11, '1+1=?', b'0', '1', '2024-05-21 17:08:42', '1', '2024-07-05 01:30:39', b'1', 1), (1576, 1781604279872581690, 1575, 1, 10, 'assistant', 'gpt-3.5-turbo', 11, '=1+12', b'0', '1', '2024-05-21 17:08:42', NULL, '2024-07-05 01:30:39', b'1', 1), (1577, 1781604279872581690, NULL, 1, 10, 'user', 'gpt-3.5-turbo', 11, '1+1=?', b'0', '1', '2024-05-21 17:35:28', '1', '2024-07-05 01:30:39', b'1', 1), (1578, 1781604279872581690, 1577, 1, 10, 'assistant', 'gpt-3.5-turbo', 11, '1+1=2', b'0', '1', '2024-05-21 17:35:28', NULL, '2024-07-05 01:30:39', b'1', 1), (1579, 1781604279872581690, NULL, 1, 10, 'user', 'gpt-3.5-turbo', 11, '1+1=?', b'0', '1', '2024-05-21 17:35:40', '1', '2024-07-05 01:30:39', b'1', 1), (1580, 1781604279872581690, 1579, 1, 10, 'assistant', 'gpt-3.5-turbo', 11, '1+1=2', b'0', '1', '2024-05-21 17:35:40', NULL, '2024-07-05 01:30:39', b'1', 1), (1581, 1781604279872581690, NULL, 1, 10, 'user', 'gpt-3.5-turbo', 11, '1+1=?', b'0', '1', '2024-05-21 17:36:31', '1', '2024-07-05 01:30:39', b'1', 1), (1582, 1781604279872581690, 1581, 1, 10, 'assistant', 'gpt-3.5-turbo', 11, '=1+12', b'0', '1', '2024-05-21 17:36:31', NULL, '2024-07-05 01:30:39', b'1', 1), (1583, 1781604279872581690, NULL, 1, 10, 'user', 'gpt-3.5-turbo', 11, '1+1=?', b'0', '1', '2024-05-21 17:37:38', '1', '2024-07-05 01:30:39', b'1', 1), (1584, 1781604279872581690, 1583, 1, 10, 'assistant', 'gpt-3.5-turbo', 11, '1=2+1', b'0', '1', '2024-05-21 17:37:38', NULL, '2024-07-05 01:30:39', b'1', 1), (1585, 1781604279872581690, NULL, 1, 10, 'user', 'gpt-3.5-turbo', 11, '1+1=?', b'0', '1', '2024-05-21 17:37:51', '1', '2024-07-05 01:30:39', b'1', 1), (1586, 1781604279872581690, 1585, 1, 10, 'assistant', 'gpt-3.5-turbo', 11, '1 +  2。1 等于', b'0', '1', '2024-05-21 17:37:51', NULL, '2024-07-05 01:30:39', b'1', 1), (1587, 1781604279872581690, NULL, 1, 10, 'user', 'gpt-3.5-turbo', 11, '1+1=?', b'0', '1', '2024-05-21 17:38:17', '1', '2024-07-05 01:30:39', b'1', 1), (1588, 1781604279872581690, 1587, 1, 10, 'assistant', 'gpt-3.5-turbo', 11, '1=2+1', b'0', '1', '2024-05-21 17:38:17', NULL, '2024-07-05 01:30:39', b'1', 1), (1589, 1781604279872581690, NULL, 1, 10, 'user', 'gpt-3.5-turbo', 11, '1+1=?', b'0', '1', '2024-05-21 17:38:22', '1', '2024-07-05 01:30:39', b'1', 1), (1590, 1781604279872581690, 1589, 1, 10, 'assistant', 'gpt-3.5-turbo', 11, '1+1=2', b'0', '1', '2024-05-21 17:38:22', NULL, '2024-07-05 01:30:39', b'1', 1), (1591, 1781604279872581690, NULL, 1, 10, 'user', 'gpt-3.5-turbo', 11, '1+1=?', b'0', '1', '2024-05-21 17:38:47', '1', '2024-07-05 01:30:39', b'1', 1), (1592, 1781604279872581690, 1591, 1, 10, 'assistant', 'gpt-3.5-turbo', 11, '1+1=2', b'0', '1', '2024-05-21 17:38:47', NULL, '2024-07-05 01:30:39', b'1', 1), (1593, 1781604279872581690, NULL, 1, 10, 'user', 'gpt-3.5-turbo', 11, '1+1=?', b'0', '1', '2024-05-21 17:38:56', '1', '2024-07-05 01:30:39', b'1', 1), (1594, 1781604279872581690, 1593, 1, 10, 'assistant', 'gpt-3.5-turbo', 11, '1+=21', b'0', '1', '2024-05-21 17:38:56', NULL, '2024-07-05 01:30:39', b'1', 1), (1595, 1781604279872581690, NULL, 1, 10, 'user', 'gpt-3.5-turbo', 11, '1+1=?', b'0', '1', '2024-05-21 18:54:39', '1', '2024-07-05 01:30:39', b'1', 1), (1596, 1781604279872581690, 1595, 1, 10, 'assistant', 'gpt-3.5-turbo', 11, '=1+12', b'0', '1', '2024-05-21 18:54:39', NULL, '2024-07-05 01:30:39', b'1', 1), (1597, 1781604279872581690, NULL, 1, 10, 'user', 'gpt-3.5-turbo', 11, '1+1=?', b'0', '1', '2024-05-21 18:57:34', '1', '2024-07-05 01:30:39', b'1', 1), (1598, 1781604279872581690, 1597, 1, 10, 'assistant', 'gpt-3.5-turbo', 11, '1=2+1', b'0', '1', '2024-05-21 18:57:34', NULL, '2024-07-05 01:30:39', b'1', 1), (1599, 1781604279872581690, NULL, 1, 10, 'user', 'gpt-3.5-turbo', 11, '1+1=?', b'0', '1', '2024-05-21 18:57:39', '1', '2024-07-05 01:30:39', b'1', 1), (1600, 1781604279872581690, 1599, 1, 10, 'assistant', 'gpt-3.5-turbo', 11, '1+1=2', b'0', '1', '2024-05-21 18:57:39', NULL, '2024-07-05 01:30:39', b'1', 1), (1601, 1781604279872581690, NULL, 1, 10, 'user', 'gpt-3.5-turbo', 11, '1+1=?', b'0', '1', '2024-05-21 18:57:44', '1', '2024-07-05 01:30:39', b'1', 1), (1602, 1781604279872581690, 1601, 1, 10, 'assistant', 'gpt-3.5-turbo', 11, '1 + 1 = 2', b'0', '1', '2024-05-21 18:57:44', NULL, '2024-07-05 01:30:39', b'1', 1), (1603, 1781604279872581690, NULL, 1, 10, 'user', 'gpt-3.5-turbo', 11, '1+1=?', b'0', '1', '2024-05-21 19:04:24', '1', '2024-07-05 01:30:39', b'1', 1), (1604, 1781604279872581690, 1603, 1, 10, 'assistant', 'gpt-3.5-turbo', 11, '2', b'0', '1', '2024-05-21 19:04:24', NULL, '2024-07-05 01:30:39', b'1', 1), (1605, 1781604279872581690, NULL, 1, 10, 'user', 'gpt-3.5-turbo', 11, '1+1=?', b'0', '1', '2024-05-21 19:04:32', '1', '2024-07-05 01:30:39', b'1', 1), (1606, 1781604279872581690, 1605, 1, 10, 'assistant', 'gpt-3.5-turbo', 11, '1', b'0', '1', '2024-05-21 19:04:32', NULL, '2024-07-05 01:30:39', b'1', 1), (1607, 1781604279872581690, NULL, 1, 10, 'user', 'gpt-3.5-turbo', 11, '1+1=?', b'0', '1', '2024-05-21 19:04:36', '1', '2024-07-05 01:30:39', b'1', 1), (1608, 1781604279872581690, 1607, 1, 10, 'assistant', 'gpt-3.5-turbo', 11, '11', b'0', '1', '2024-05-21 19:04:36', NULL, '2024-07-05 01:30:39', b'1', 1), (1609, 1781604279872581690, NULL, 1, 10, 'user', 'gpt-3.5-turbo', 11, '1+1=?', b'0', '1', '2024-05-21 19:04:44', '1', '2024-07-05 01:30:39', b'1', 1), (1610, 1781604279872581690, 1609, 1, 10, 'assistant', 'gpt-3.5-turbo', 11, '1=', b'0', '1', '2024-05-21 19:04:44', NULL, '2024-07-05 01:30:39', b'1', 1), (1611, 1781604279872581690, NULL, 1, 10, 'user', 'gpt-3.5-turbo', 11, '1+1=?', b'0', '1', '2024-05-21 19:04:50', '1', '2024-07-05 01:30:39', b'1', 1), (1612, 1781604279872581690, 1611, 1, 10, 'assistant', 'gpt-3.5-turbo', 11, '1+=', b'0', '1', '2024-05-21 19:04:50', NULL, '2024-07-05 01:30:39', b'1', 1), (1613, 1781604279872581690, NULL, 1, 10, 'user', 'gpt-3.5-turbo', 11, '1+1=?', b'0', '1', '2024-05-21 19:04:55', '1', '2024-07-05 01:30:39', b'1', 1), (1614, 1781604279872581690, 1613, 1, 10, 'assistant', 'gpt-3.5-turbo', 11, '1  =2', b'0', '1', '2024-05-21 19:04:55', NULL, '2024-07-05 01:30:39', b'1', 1), (1615, 1781604279872581690, NULL, 1, 10, 'user', 'gpt-3.5-turbo', 11, '1+1=?', b'0', '1', '2024-05-21 19:05:03', '1', '2024-07-05 01:30:39', b'1', 1), (1616, 1781604279872581690, 1615, 1, 10, 'assistant', 'gpt-3.5-turbo', 11, '2', b'0', '1', '2024-05-21 19:05:03', NULL, '2024-07-05 01:30:39', b'1', 1), (1617, 1781604279872581690, NULL, 1, 10, 'user', 'gpt-3.5-turbo', 11, '1+1=?', b'0', '1', '2024-05-21 19:05:08', '1', '2024-07-05 01:30:39', b'1', 1), (1618, 1781604279872581690, 1617, 1, 10, 'assistant', 'gpt-3.5-turbo', 11, '1=', b'0', '1', '2024-05-21 19:05:08', NULL, '2024-07-05 01:30:39', b'1', 1), (1619, 1781604279872581690, NULL, 1, 10, 'user', 'gpt-3.5-turbo', 11, '1+1=?', b'0', '1', '2024-05-21 19:08:04', '1', '2024-07-05 01:30:39', b'1', 1), (1620, 1781604279872581690, 1619, 1, 10, 'assistant', 'gpt-3.5-turbo', 11, '11 +  等于 2。', b'0', '1', '2024-05-21 19:08:04', NULL, '2024-07-05 01:30:39', b'1', 1), (1621, 1781604279872581690, NULL, 1, 10, 'user', 'gpt-3.5-turbo', 11, '1+1=?', b'0', '1', '2024-05-21 19:08:12', '1', '2024-07-05 01:30:39', b'1', 1), (1622, 1781604279872581690, 1621, 1, 10, 'assistant', 'gpt-3.5-turbo', 11, '1+1 2。 等于', b'0', '1', '2024-05-21 19:08:12', NULL, '2024-07-05 01:30:39', b'1', 1), (1623, 1781604279872581690, NULL, 1, 10, 'user', 'gpt-3.5-turbo', 11, '1+1=?', b'0', '1', '2024-05-21 19:08:42', '1', '2024-07-05 01:30:39', b'1', 1), (1624, 1781604279872581690, 1623, 1, 10, 'assistant', 'gpt-3.5-turbo', 11, '1+1于 2。 等', b'0', '1', '2024-05-21 19:08:42', NULL, '2024-07-05 01:30:39', b'1', 1), (1625, 1781604279872581690, NULL, 1, 10, 'user', 'gpt-3.5-turbo', 11, '1+1=?', b'0', '1', '2024-05-21 19:19:40', '1', '2024-07-05 01:30:39', b'1', 1), (1626, 1781604279872581690, 1625, 1, 10, 'assistant', 'gpt-3.5-turbo', 11, '403 Forbidden from POST https://api.chatanywhere.tech/v1/chat/completions', b'0', '1', '2024-05-21 19:19:40', NULL, '2024-07-05 01:30:39', b'1', 1), (1627, 1781604279872581690, NULL, 1, 10, 'user', 'gpt-3.5-turbo', 11, '1+1=?', b'0', '1', '2024-05-21 19:20:27', '1', '2024-07-05 01:30:39', b'1', 1), (1628, 1781604279872581690, 1627, 1, 10, 'assistant', 'gpt-3.5-turbo', 11, '11 +  = 2', b'0', '1', '2024-05-21 19:20:27', NULL, '2024-07-05 01:30:39', b'1', 1), (1629, 1781604279872581690, NULL, 1, 10, 'user', 'gpt-3.5-turbo', 11, '1+1=?', b'0', '1', '2024-05-21 19:20:54', '1', '2024-07-05 01:30:39', b'1', 1), (1630, 1781604279872581690, 1629, 1, 10, 'assistant', 'gpt-3.5-turbo', 11, '1 = +  21', b'0', '1', '2024-05-21 19:20:54', NULL, '2024-07-05 01:30:39', b'1', 1), (1631, 1781604279872581690, NULL, 1, 10, 'user', 'gpt-3.5-turbo', 11, '1+1=?', b'0', '1', '2024-05-21 19:26:13', '1', '2024-07-05 01:30:39', b'1', 1), (1632, 1781604279872581690, 1631, 1, 10, 'assistant', 'gpt-3.5-turbo', 11, '1+1=2', b'0', '1', '2024-05-21 19:26:13', NULL, '2024-07-05 01:30:39', b'1', 1), (1633, 1781604279872581690, NULL, 1, 10, 'user', 'gpt-3.5-turbo', 11, '1+1=?', b'0', '1', '2024-05-21 19:26:26', '1', '2024-07-05 01:30:39', b'1', 1), (1634, 1781604279872581690, 1633, 1, 10, 'assistant', 'gpt-3.5-turbo', 11, '1+1=2', b'0', '1', '2024-05-21 19:26:26', NULL, '2024-07-05 01:30:39', b'1', 1), (1635, 1781604279872581690, NULL, 1, 10, 'user', 'gpt-3.5-turbo', 11, '1+1=?', b'0', '1', '2024-05-21 19:27:10', '1', '2024-07-05 01:30:39', b'1', 1), (1636, 1781604279872581690, 1635, 1, 10, 'assistant', 'gpt-3.5-turbo', 11, '', b'0', '1', '2024-05-21 19:27:10', '1', '2024-07-05 01:30:39', b'1', 1), (1637, 1781604279872581690, NULL, 1, 10, 'user', 'gpt-3.5-turbo', 11, '1+1=?', b'0', '1', '2024-05-21 19:27:17', '1', '2024-07-05 01:30:39', b'1', 1), (1638, 1781604279872581690, 1637, 1, 10, 'assistant', 'gpt-3.5-turbo', 11, '', b'0', '1', '2024-05-21 19:27:17', '1', '2024-07-05 01:30:39', b'1', 1), (1639, 1781604279872581690, NULL, 1, 10, 'user', 'gpt-3.5-turbo', 11, '1+1=?', b'0', '1', '2024-05-21 19:28:22', '1', '2024-07-05 01:30:39', b'1', 1), (1640, 1781604279872581690, 1639, 1, 10, 'assistant', 'gpt-3.5-turbo', 11, '', b'0', '1', '2024-05-21 19:28:22', '1', '2024-07-05 01:30:39', b'1', 1), (1641, 1781604279872581690, NULL, 1, 10, 'user', 'gpt-3.5-turbo', 11, '1+1=?', b'0', '1', '2024-05-21 19:28:28', '1', '2024-07-05 01:30:39', b'1', 1), (1642, 1781604279872581690, 1641, 1, 10, 'assistant', 'gpt-3.5-turbo', 11, '', b'0', '1', '2024-05-21 19:28:28', '1', '2024-07-05 01:30:39', b'1', 1), (1643, 1781604279872581690, NULL, 1, 10, 'user', 'gpt-3.5-turbo', 11, '1+1=?', b'0', '1', '2024-05-21 19:28:47', '1', '2024-07-05 01:30:39', b'1', 1), (1644, 1781604279872581690, 1643, 1, 10, 'assistant', 'gpt-3.5-turbo', 11, '', b'0', '1', '2024-05-21 19:28:47', '1', '2024-07-05 01:30:39', b'1', 1), (1645, 1781604279872581690, NULL, 1, 10, 'user', 'gpt-3.5-turbo', 11, '1+1=?', b'0', '1', '2024-05-21 19:29:31', '1', '2024-07-05 01:30:39', b'1', 1), (1646, 1781604279872581690, 1645, 1, 10, 'assistant', 'gpt-3.5-turbo', 11, '1 + 1 等于 2。', b'0', '1', '2024-05-21 19:29:31', NULL, '2024-07-05 01:30:39', b'1', 1), (1647, 1781604279872581690, NULL, 1, 10, 'user', 'gpt-3.5-turbo', 11, '1+1=?', b'0', '1', '2024-05-21 19:31:15', '1', '2024-07-05 01:30:39', b'1', 1), (1648, 1781604279872581690, 1647, 1, 10, 'assistant', 'gpt-3.5-turbo', 11, '1+1 等于 2。', b'0', '1', '2024-05-21 19:31:15', NULL, '2024-07-05 01:30:39', b'1', 1), (1649, 1781604279872581690, NULL, 1, 10, 'user', 'gpt-3.5-turbo', 11, '1+1=?', b'0', '1', '2024-05-21 19:32:20', '1', '2024-07-05 01:30:39', b'1', 1), (1650, 1781604279872581690, 1649, 1, 10, 'assistant', 'gpt-3.5-turbo', 11, '', b'0', '1', '2024-05-21 19:32:20', '1', '2024-07-05 01:30:39', b'1', 1), (1651, 1781604279872581690, NULL, 1, 10, 'user', 'gpt-3.5-turbo', 11, '1+1=?', b'0', '1', '2024-05-21 19:32:53', '1', '2024-07-05 01:30:39', b'1', 1), (1652, 1781604279872581690, 1651, 1, 10, 'assistant', 'gpt-3.5-turbo', 11, '', b'0', '1', '2024-05-21 19:32:53', '1', '2024-07-05 01:30:39', b'1', 1), (1653, 1781604279872581690, NULL, 1, 10, 'user', 'gpt-3.5-turbo', 11, '1+1=?', b'0', '1', '2024-05-21 19:33:27', '1', '2024-07-05 01:30:39', b'1', 1), (1654, 1781604279872581690, 1653, 1, 10, 'assistant', 'gpt-3.5-turbo', 11, 'connection timed out after 30000 ms: api.gptsapi.net/172.66.42.237:443', b'0', '1', '2024-05-21 19:33:27', NULL, '2024-07-05 01:30:39', b'1', 1), (1655, 1781604279872581690, NULL, 1, 10, 'user', 'gpt-3.5-turbo', 11, '1+1=?', b'0', '1', '2024-05-21 19:34:37', '1', '2024-07-05 01:30:39', b'1', 1), (1656, 1781604279872581690, 1655, 1, 10, 'assistant', 'gpt-3.5-turbo', 11, '1+1 等于 2。', b'0', '1', '2024-05-21 19:34:37', NULL, '2024-07-05 01:30:39', b'1', 1), (1657, 1781604279872581690, NULL, 1, 10, 'user', 'gpt-3.5-turbo', 11, '1+1=?', b'0', '1', '2024-05-21 19:35:31', '1', '2024-07-05 01:30:39', b'1', 1), (1658, 1781604279872581690, 1657, 1, 10, 'assistant', 'gpt-3.5-turbo', 11, '1+1 等于 2。', b'0', '1', '2024-05-21 19:35:31', NULL, '2024-07-05 01:30:39', b'1', 1), (1659, 1781604279872581690, NULL, 1, 10, 'user', 'gpt-3.5-turbo', 11, '1+1=?', b'0', '1', '2024-05-21 19:35:48', '1', '2024-07-05 01:30:39', b'1', 1), (1660, 1781604279872581690, 1659, 1, 10, 'assistant', 'gpt-3.5-turbo', 11, '1+1 等于 2。', b'0', '1', '2024-05-21 19:35:48', NULL, '2024-07-05 01:30:39', b'1', 1), (1661, 1781604279872581690, NULL, 1, 10, 'user', 'gpt-3.5-turbo', 11, '1+1=?', b'0', '1', '2024-05-21 19:36:11', '1', '2024-07-05 01:30:39', b'1', 1), (1662, 1781604279872581690, 1661, 1, 10, 'assistant', 'gpt-3.5-turbo', 11, '1+1 等于 2。', b'0', '1', '2024-05-21 19:36:11', NULL, '2024-07-05 01:30:39', b'1', 1), (1663, 1781604279872581690, NULL, 1, 10, 'user', 'gpt-3.5-turbo', 11, '1+1=?', b'0', '1', '2024-05-21 19:36:57', '1', '2024-07-05 01:30:39', b'1', 1), (1664, 1781604279872581690, 1663, 1, 10, 'assistant', 'gpt-3.5-turbo', 11, '1+1 等于 2。', b'0', '1', '2024-05-21 19:36:57', NULL, '2024-07-05 01:30:39', b'1', 1), (1665, 1781604279872581690, NULL, 1, 10, 'user', 'gpt-3.5-turbo', 11, '1+1=?', b'0', '1', '2024-05-21 19:43:49', '1', '2024-07-05 01:30:39', b'1', 1), (1666, 1781604279872581690, 1665, 1, 10, 'assistant', 'gpt-3.5-turbo', 11, '1+1=2', b'0', '1', '2024-05-21 19:43:49', NULL, '2024-07-05 01:30:39', b'1', 1), (1667, 1781604279872581690, NULL, 1, 10, 'user', 'gpt-3.5-turbo', 11, '你好哈？', b'0', '1', '2024-05-21 20:10:54', '1', '2024-07-05 01:30:39', b'1', 1), (1668, 1781604279872581690, 1667, 1, 10, 'assistant', 'gpt-3.5-turbo', 11, '你好！有什么我可以帮助你的吗？', b'0', '1', '2024-05-21 20:10:54', NULL, '2024-07-05 01:30:39', b'1', 1), (1669, 1781604279872581690, NULL, 1, 10, 'user', 'gpt-3.5-turbo', 11, '确实有一个噢', b'0', '1', '2024-05-21 20:11:06', '1', '2024-07-05 01:30:39', b'1', 1), (1670, 1781604279872581690, 1669, 1, 10, 'assistant', 'gpt-3.5-turbo', 11, '请问有什么问题或需要什么帮助呢？我会尽力为您提供解答或建议。', b'0', '1', '2024-05-21 20:11:06', NULL, '2024-07-05 01:30:39', b'1', 1), (1671, 1781604279872581690, NULL, 1, 10, 'user', 'gpt-3.5-turbo', 11, '是的呀？', b'0', '1', '2024-05-21 20:11:14', '1', '2024-07-05 01:30:39', b'1', 1), (1672, 1781604279872581690, 1671, 1, 10, 'assistant', 'gpt-3.5-turbo', 11, '是的，我是一个AI智能助手，可以为您提供信息、回答问题，或者提供一些建议和帮助。请告诉我您有什么问题或需要什么帮助，我会尽力为您提供支持。', b'0', '1', '2024-05-21 20:11:14', NULL, '2024-07-05 01:30:39', b'1', 1), (1673, 1781604279872581691, NULL, 1, 10, 'user', 'gpt-3.5-turbo', 11, '写一个排序算法？', b'0', '1', '2024-05-21 20:13:02', '1', '2024-07-05 01:30:39', b'0', 1), (1674, 1781604279872581691, 1673, 1, 10, 'assistant', 'gpt-3.5-turbo', 11, '可以为您提供一个常见的排序算法，冒泡排序。冒泡排序是一种简单直观的排序算法，它重复地遍历要排序的列表，一次比较两个元素，并且如果它们的顺序错误就交换它们。通过多次的遍历，最大（或最小）的元素会逐渐“冒泡”到列表的末尾，因此称为冒泡排序。\n\n以下是用Python编写的冒泡排序算法：\n\n```python\ndef bubble_sort(arr):\n    n = len(arr)\n    for i in range(n):\n        # 每次遍历都会有一个元素到达最终位置，所以可以减去已排序的元素个数\n        for j in range(n - i - 1):\n            # 比较相邻的元素，如果顺序错误就交换它们\n            if arr[j] > arr[j + 1]:\n                arr[j], arr[j + 1] = arr[j + 1], arr[j]\n    return arr\n```\n\n您可以调用该函数并传入一个列表来进行排序，例如：\n\n```python\narr = [64, 34, 25, 12, 22, 11, 90]\nsorted_arr = bubble_sort(arr)\nprint(sorted_arr)\n```\n\n输出结果为：[11, 12, 22, 25, 34, 64, 90]。', b'0', '1', '2024-05-21 20:13:02', NULL, '2024-07-05 01:30:39', b'0', 1), (1675, 1781604279872581693, NULL, 1, 10, 'user', 'gpt-3.5-turbo', 11, '1+1=', b'0', '1', '2024-05-22 07:30:07', '1', '2024-07-05 01:30:39', b'0', 1), (1676, 1781604279872581693, 1675, 1, 10, 'assistant', 'gpt-3.5-turbo', 11, '1+1=2', b'0', '1', '2024-05-22 07:30:07', NULL, '2024-07-05 01:30:39', b'0', 1), (1677, 1781604279872581693, NULL, 1, 10, 'user', 'gpt-3.5-turbo', 11, '苹果是什么？', b'0', '1', '2024-05-22 07:31:44', '1', '2024-07-05 01:30:39', b'0', 1), (1678, 1781604279872581693, 1677, 1, 10, 'assistant', 'gpt-3.5-turbo', 11, '苹果是一种常见的水果，属于蔷薇科苹果属植物。苹果具有丰富的营养，含有多种维生素、矿物质和纤维，有助于保持健康。苹果有不同的品种，有红色、黄色、绿色等不同颜色的苹果。它们可以生吃、烹饪、制作果汁等多种方式食用，是人们喜爱的水果之一。', b'0', '1', '2024-05-22 07:31:44', NULL, '2024-07-05 01:30:39', b'0', 1), (1679, 1781604279872581693, NULL, 1, 10, 'user', 'gpt-3.5-turbo', 11, '1+1=', b'0', '1', '2024-05-22 07:32:00', '1', '2024-07-05 01:30:39', b'0', 1), (1680, 1781604279872581693, 1679, 1, 10, 'assistant', 'gpt-3.5-turbo', 11, '1+1=2', b'0', '1', '2024-05-22 07:32:00', NULL, '2024-07-05 01:30:39', b'0', 1), (1681, 1781604279872581690, NULL, 1, 10, 'user', 'gpt-3.5-turbo', 11, '呵呵', b'0', '1', '2024-05-22 09:21:34', '1', '2024-07-05 01:30:39', b'1', 1), (1682, 1781604279872581690, 1681, 1, 10, 'assistant', 'gpt-3.5-turbo', 11, '您好！有什么我可以帮助您的吗？', b'0', '1', '2024-05-22 09:21:34', NULL, '2024-07-05 01:30:39', b'1', 1), (1683, 1781604279872581690, NULL, 1, 10, 'user', 'gpt-3.5-turbo', 11, '你是 openai 么？', b'0', '1', '2024-05-22 09:22:47', '1', '2024-07-05 01:30:39', b'1', 1), (1684, 1781604279872581690, 1683, 1, 10, 'assistant', 'gpt-3.5-turbo', 11, '不好意思，我不是OpenAI的产品，我是一个由另一家公司开发的AI助手。我旨在提供帮助和回答您的问题。有什么我可以帮助您的吗？', b'0', '1', '2024-05-22 09:22:47', NULL, '2024-07-05 01:30:39', b'1', 1), (1685, 1781604279872581690, NULL, 1, 10, 'user', 'gpt-3.5-turbo', 11, '真的么？', b'0', '1', '2024-05-22 09:23:30', '1', '2024-07-05 01:30:39', b'1', 1), (1686, 1781604279872581690, 1685, 1, 10, 'assistant', 'gpt-3.5-turbo', 11, '', b'0', '1', '2024-05-22 09:23:30', '1', '2024-07-05 01:30:39', b'1', 1), (1687, 1781604279872581694, NULL, 1, 10, 'user', 'llama3', 12, '你是 ollama3 么？', b'0', '1', '2024-05-22 09:56:05', '1', '2024-07-05 01:30:39', b'1', 1), (1688, 1781604279872581694, 1687, 1, 10, 'assistant', 'llama3', 12, 'Connection refused: /[0:0:0:0:0:0:0:1]:80', b'0', '1', '2024-05-22 09:56:05', NULL, '2024-07-05 01:30:39', b'1', 1), (1689, 1781604279872581694, NULL, 1, 10, 'user', 'llama3', 12, '你是 ollama3 么？', b'0', '1', '2024-05-22 09:56:06', '1', '2024-07-05 01:30:39', b'1', 1), (1690, 1781604279872581694, 1689, 1, 10, 'assistant', 'llama3', 12, 'Connection refused: /[0:0:0:0:0:0:0:1]:80', b'0', '1', '2024-05-22 09:56:06', NULL, '2024-07-05 01:30:39', b'1', 1), (1691, 1781604279872581694, NULL, 1, 10, 'user', 'llama3', 12, '你是 ollama3 么？', b'0', '1', '2024-05-22 09:56:07', '1', '2024-07-05 01:30:39', b'1', 1), (1692, 1781604279872581694, 1691, 1, 10, 'assistant', 'llama3', 12, 'Connection refused: /[0:0:0:0:0:0:0:1]:80', b'0', '1', '2024-05-22 09:56:07', NULL, '2024-07-05 01:30:39', b'1', 1), (1693, 1781604279872581694, NULL, 1, 10, 'user', 'llama3', 12, '你是 ollama3 么？', b'0', '1', '2024-05-22 09:56:08', '1', '2024-07-05 01:30:39', b'1', 1), (1694, 1781604279872581694, 1693, 1, 10, 'assistant', 'llama3', 12, 'Connection refused: /[0:0:0:0:0:0:0:1]:80', b'0', '1', '2024-05-22 09:56:08', NULL, '2024-07-05 01:30:39', b'1', 1), (1695, 1781604279872581694, NULL, 1, 10, 'user', 'llama3', 12, '你是 ollama3 么？', b'0', '1', '2024-05-22 09:56:09', '1', '2024-07-05 01:30:39', b'1', 1), (1696, 1781604279872581694, 1695, 1, 10, 'assistant', 'llama3', 12, 'Connection refused: /[0:0:0:0:0:0:0:1]:80', b'0', '1', '2024-05-22 09:56:09', NULL, '2024-07-05 01:30:39', b'1', 1), (1697, 1781604279872581694, NULL, 1, 10, 'user', 'llama3', 12, '你是 ollama3 么？', b'0', '1', '2024-05-22 09:56:10', '1', '2024-07-05 01:30:39', b'1', 1), (1698, 1781604279872581694, 1697, 1, 10, 'assistant', 'llama3', 12, 'Connection refused: /[0:0:0:0:0:0:0:1]:80', b'0', '1', '2024-05-22 09:56:10', NULL, '2024-07-05 01:30:39', b'1', 1), (1699, 1781604279872581694, NULL, 1, 10, 'user', 'llama3', 12, '你是 ollama3 么？', b'0', '1', '2024-05-22 09:56:11', '1', '2024-07-05 01:30:39', b'1', 1), (1700, 1781604279872581694, 1699, 1, 10, 'assistant', 'llama3', 12, 'Connection refused: /[0:0:0:0:0:0:0:1]:80', b'0', '1', '2024-05-22 09:56:11', NULL, '2024-07-05 01:30:39', b'1', 1), (1701, 1781604279872581694, NULL, 1, 10, 'user', 'llama3', 12, '你是 ollama3 么？', b'0', '1', '2024-05-22 09:56:13', '1', '2024-07-05 01:30:39', b'1', 1), (1702, 1781604279872581694, 1701, 1, 10, 'assistant', 'llama3', 12, 'Connection refused: /[0:0:0:0:0:0:0:1]:80', b'0', '1', '2024-05-22 09:56:13', NULL, '2024-07-05 01:30:39', b'1', 1), (1703, 1781604279872581694, NULL, 1, 10, 'user', 'llama3', 12, '你是 ollama3 么？', b'0', '1', '2024-05-22 09:56:15', '1', '2024-07-05 01:30:39', b'1', 1), (1704, 1781604279872581694, 1703, 1, 10, 'assistant', 'llama3', 12, 'Connection refused: /[0:0:0:0:0:0:0:1]:80', b'0', '1', '2024-05-22 09:56:15', NULL, '2024-07-05 01:30:39', b'1', 1), (1705, 1781604279872581694, NULL, 1, 10, 'user', 'llama3', 12, '你是 ollama3 么？', b'0', '1', '2024-05-22 09:56:16', '1', '2024-07-05 01:30:39', b'1', 1), (1706, 1781604279872581694, 1705, 1, 10, 'assistant', 'llama3', 12, 'Connection refused: /[0:0:0:0:0:0:0:1]:80', b'0', '1', '2024-05-22 09:56:16', NULL, '2024-07-05 01:30:39', b'1', 1), (1707, 1781604279872581694, NULL, 1, 10, 'user', 'llama3', 12, '你是 ollama3 么？', b'0', '1', '2024-05-22 09:56:17', '1', '2024-07-05 01:30:39', b'1', 1), (1708, 1781604279872581694, 1707, 1, 10, 'assistant', 'llama3', 12, 'Connection refused: /[0:0:0:0:0:0:0:1]:80', b'0', '1', '2024-05-22 09:56:17', NULL, '2024-07-05 01:30:39', b'1', 1), (1709, 1781604279872581694, NULL, 1, 10, 'user', 'llama3', 12, '你是 ollama3 么？', b'0', '1', '2024-05-22 09:56:18', '1', '2024-07-05 01:30:39', b'1', 1), (1710, 1781604279872581694, 1709, 1, 10, 'assistant', 'llama3', 12, 'Connection refused: /[0:0:0:0:0:0:0:1]:80', b'0', '1', '2024-05-22 09:56:18', NULL, '2024-07-05 01:30:39', b'1', 1), (1711, 1781604279872581694, NULL, 1, 10, 'user', 'llama3', 12, '你是 ollama3 么？', b'0', '1', '2024-05-22 09:56:19', '1', '2024-07-05 01:30:39', b'1', 1), (1712, 1781604279872581694, 1711, 1, 10, 'assistant', 'llama3', 12, 'Connection refused: /[0:0:0:0:0:0:0:1]:80', b'0', '1', '2024-05-22 09:56:19', NULL, '2024-07-05 01:30:39', b'1', 1), (1713, 1781604279872581694, NULL, 1, 10, 'user', 'llama3', 12, '你是 ollama3 么？', b'0', '1', '2024-05-22 09:56:20', '1', '2024-07-05 01:30:39', b'1', 1), (1714, 1781604279872581694, 1713, 1, 10, 'assistant', 'llama3', 12, 'Connection refused: /[0:0:0:0:0:0:0:1]:80', b'0', '1', '2024-05-22 09:56:20', NULL, '2024-07-05 01:30:39', b'1', 1), (1715, 1781604279872581694, NULL, 1, 10, 'user', 'llama3', 12, '你是 ollama3 么？', b'0', '1', '2024-05-22 09:56:21', '1', '2024-07-05 01:30:39', b'1', 1), (1716, 1781604279872581694, 1715, 1, 10, 'assistant', 'llama3', 12, 'Connection refused: /[0:0:0:0:0:0:0:1]:80', b'0', '1', '2024-05-22 09:56:21', NULL, '2024-07-05 01:30:39', b'1', 1), (1717, 1781604279872581694, NULL, 1, 10, 'user', 'llama3', 12, '你是 ollama3 么？', b'0', '1', '2024-05-22 09:56:22', '1', '2024-07-05 01:30:39', b'1', 1), (1718, 1781604279872581694, 1717, 1, 10, 'assistant', 'llama3', 12, 'Connection refused: /[0:0:0:0:0:0:0:1]:80', b'0', '1', '2024-05-22 09:56:22', NULL, '2024-07-05 01:30:39', b'1', 1), (1719, 1781604279872581694, NULL, 1, 10, 'user', 'llama3', 12, '你是 ollama3 么？', b'0', '1', '2024-05-22 09:56:23', '1', '2024-07-05 01:30:39', b'1', 1), (1720, 1781604279872581694, 1719, 1, 10, 'assistant', 'llama3', 12, 'Connection refused: /[0:0:0:0:0:0:0:1]:80', b'0', '1', '2024-05-22 09:56:23', NULL, '2024-07-05 01:30:39', b'1', 1), (1721, 1781604279872581694, NULL, 1, 10, 'user', 'llama3', 12, '你是 ollama3 么？', b'0', '1', '2024-05-22 09:56:24', '1', '2024-07-05 01:30:39', b'1', 1), (1722, 1781604279872581694, 1721, 1, 10, 'assistant', 'llama3', 12, 'Connection refused: /[0:0:0:0:0:0:0:1]:80', b'0', '1', '2024-05-22 09:56:24', NULL, '2024-07-05 01:30:39', b'1', 1), (1723, 1781604279872581694, NULL, 1, 10, 'user', 'llama3', 12, '你是 ollama3 么？', b'0', '1', '2024-05-22 09:56:26', '1', '2024-07-05 01:30:39', b'1', 1), (1724, 1781604279872581694, 1723, 1, 10, 'assistant', 'llama3', 12, 'Connection refused: /[0:0:0:0:0:0:0:1]:80', b'0', '1', '2024-05-22 09:56:26', NULL, '2024-07-05 01:30:39', b'1', 1), (1725, 1781604279872581694, NULL, 1, 10, 'user', 'llama3', 12, '你是 ollama3 么？', b'0', '1', '2024-05-22 09:56:27', '1', '2024-07-05 01:30:39', b'1', 1), (1726, 1781604279872581694, 1725, 1, 10, 'assistant', 'llama3', 12, 'Connection refused: /[0:0:0:0:0:0:0:1]:80', b'0', '1', '2024-05-22 09:56:27', NULL, '2024-07-05 01:30:39', b'1', 1), (1727, 1781604279872581694, NULL, 1, 10, 'user', 'llama3', 12, '你是 ollama3 么？', b'0', '1', '2024-05-22 09:56:28', '1', '2024-07-05 01:30:39', b'1', 1), (1728, 1781604279872581694, 1727, 1, 10, 'assistant', 'llama3', 12, 'Connection refused: /[0:0:0:0:0:0:0:1]:80', b'0', '1', '2024-05-22 09:56:28', NULL, '2024-07-05 01:30:39', b'1', 1), (1729, 1781604279872581694, NULL, 1, 10, 'user', 'llama3', 12, '你是 ollama3 么？', b'0', '1', '2024-05-22 09:56:29', '1', '2024-07-05 01:30:39', b'1', 1), (1730, 1781604279872581694, 1729, 1, 10, 'assistant', 'llama3', 12, 'Connection refused: /[0:0:0:0:0:0:0:1]:80', b'0', '1', '2024-05-22 09:56:29', NULL, '2024-07-05 01:30:39', b'1', 1), (1731, 1781604279872581694, NULL, 1, 10, 'user', 'llama3', 12, '你是 ollama3 么？', b'0', '1', '2024-05-22 09:56:30', '1', '2024-07-05 01:30:39', b'1', 1), (1732, 1781604279872581694, 1731, 1, 10, 'assistant', 'llama3', 12, 'Connection refused: /[0:0:0:0:0:0:0:1]:80', b'0', '1', '2024-05-22 09:56:30', NULL, '2024-07-05 01:30:39', b'1', 1), (1733, 1781604279872581694, NULL, 1, 10, 'user', 'llama3', 12, '你是 ollama3 么？', b'0', '1', '2024-05-22 09:56:31', '1', '2024-07-05 01:30:39', b'1', 1), (1734, 1781604279872581694, 1733, 1, 10, 'assistant', 'llama3', 12, 'Connection refused: /[0:0:0:0:0:0:0:1]:80', b'0', '1', '2024-05-22 09:56:31', NULL, '2024-07-05 01:30:39', b'1', 1), (1735, 1781604279872581694, NULL, 1, 10, 'user', 'llama3', 12, '你是 ollama3 么？', b'0', '1', '2024-05-22 09:56:32', '1', '2024-07-05 01:30:39', b'1', 1), (1736, 1781604279872581694, 1735, 1, 10, 'assistant', 'llama3', 12, 'Connection refused: /[0:0:0:0:0:0:0:1]:80', b'0', '1', '2024-05-22 09:56:32', NULL, '2024-07-05 01:30:39', b'1', 1), (1737, 1781604279872581694, NULL, 1, 10, 'user', 'llama3', 12, '你是 ollama3 么？', b'0', '1', '2024-05-22 09:56:44', '1', '2024-07-05 01:30:39', b'1', 1), (1738, 1781604279872581694, 1737, 1, 10, 'assistant', 'llama3', 12, 'Connection refused: /[0:0:0:0:0:0:0:1]:80', b'0', '1', '2024-05-22 09:56:44', NULL, '2024-07-05 01:30:39', b'1', 1), (1739, 1781604279872581694, NULL, 1, 10, 'user', 'llama3', 12, '你是 ollama3 么？', b'0', '1', '2024-05-22 09:56:45', '1', '2024-07-05 01:30:39', b'1', 1), (1740, 1781604279872581694, 1739, 1, 10, 'assistant', 'llama3', 12, 'Connection refused: /[0:0:0:0:0:0:0:1]:80', b'0', '1', '2024-05-22 09:56:45', NULL, '2024-07-05 01:30:39', b'1', 1), (1741, 1781604279872581694, NULL, 1, 10, 'user', 'llama3', 12, '你是 ollama3 么？', b'0', '1', '2024-05-22 09:56:46', '1', '2024-07-05 01:30:39', b'1', 1), (1742, 1781604279872581694, 1741, 1, 10, 'assistant', 'llama3', 12, 'Connection refused: /[0:0:0:0:0:0:0:1]:80', b'0', '1', '2024-05-22 09:56:46', NULL, '2024-07-05 01:30:39', b'1', 1), (1743, 1781604279872581694, NULL, 1, 10, 'user', 'llama3', 12, '你是 ollama3 么？', b'0', '1', '2024-05-22 09:56:48', '1', '2024-07-05 01:30:39', b'1', 1), (1744, 1781604279872581694, 1743, 1, 10, 'assistant', 'llama3', 12, 'Connection refused: /[0:0:0:0:0:0:0:1]:80', b'0', '1', '2024-05-22 09:56:48', NULL, '2024-07-05 01:30:39', b'1', 1), (1745, 1781604279872581694, NULL, 1, 10, 'user', 'llama3', 12, '你是 ollama3 么？', b'0', '1', '2024-05-22 09:56:50', '1', '2024-07-05 01:30:39', b'1', 1), (1746, 1781604279872581694, 1745, 1, 10, 'assistant', 'llama3', 12, 'Connection refused: /[0:0:0:0:0:0:0:1]:80', b'0', '1', '2024-05-22 09:56:50', NULL, '2024-07-05 01:30:39', b'1', 1), (1747, 1781604279872581694, NULL, 1, 10, 'user', 'llama3', 12, '你是 ollama3 么？', b'0', '1', '2024-05-22 09:56:52', '1', '2024-07-05 01:30:39', b'1', 1), (1748, 1781604279872581694, 1747, 1, 10, 'assistant', 'llama3', 12, 'Connection refused: /[0:0:0:0:0:0:0:1]:80', b'0', '1', '2024-05-22 09:56:52', NULL, '2024-07-05 01:30:39', b'1', 1), (1749, 1781604279872581694, NULL, 1, 10, 'user', 'llama3', 12, '你是 ollama3 么？', b'0', '1', '2024-05-22 09:56:54', '1', '2024-07-05 01:30:39', b'1', 1), (1750, 1781604279872581694, 1749, 1, 10, 'assistant', 'llama3', 12, 'Connection refused: /[0:0:0:0:0:0:0:1]:80', b'0', '1', '2024-05-22 09:56:54', NULL, '2024-07-05 01:30:39', b'1', 1), (1751, 1781604279872581694, NULL, 1, 10, 'user', 'llama3', 12, '你是 ollama3 么？', b'0', '1', '2024-05-22 09:56:56', '1', '2024-07-05 01:30:39', b'1', 1), (1752, 1781604279872581694, 1751, 1, 10, 'assistant', 'llama3', 12, 'Connection refused: /[0:0:0:0:0:0:0:1]:80', b'0', '1', '2024-05-22 09:56:56', NULL, '2024-07-05 01:30:39', b'1', 1), (1753, 1781604279872581694, NULL, 1, 10, 'user', 'llama3', 12, '你是 ollama3 么？', b'0', '1', '2024-05-22 09:56:58', '1', '2024-07-05 01:30:39', b'1', 1), (1754, 1781604279872581694, 1753, 1, 10, 'assistant', 'llama3', 12, 'Connection refused: /[0:0:0:0:0:0:0:1]:80', b'0', '1', '2024-05-22 09:56:58', NULL, '2024-07-05 01:30:39', b'1', 1), (1755, 1781604279872581694, NULL, 1, 10, 'user', 'llama3', 12, '你是 ollama3 么？', b'0', '1', '2024-05-22 09:57:00', '1', '2024-07-05 01:30:39', b'1', 1), (1756, 1781604279872581694, 1755, 1, 10, 'assistant', 'llama3', 12, 'Connection refused: /[0:0:0:0:0:0:0:1]:80', b'0', '1', '2024-05-22 09:57:00', NULL, '2024-07-05 01:30:39', b'1', 1), (1757, 1781604279872581694, NULL, 1, 10, 'user', 'llama3', 12, '你是 ollama3 么？', b'0', '1', '2024-05-22 09:57:01', '1', '2024-07-05 01:30:39', b'1', 1), (1758, 1781604279872581694, 1757, 1, 10, 'assistant', 'llama3', 12, 'Connection refused: /[0:0:0:0:0:0:0:1]:80', b'0', '1', '2024-05-22 09:57:01', NULL, '2024-07-05 01:30:39', b'1', 1), (1759, 1781604279872581694, NULL, 1, 10, 'user', 'llama3', 12, '你是 ollama3 么？', b'0', '1', '2024-05-22 09:57:02', '1', '2024-07-05 01:30:39', b'1', 1), (1760, 1781604279872581694, 1759, 1, 10, 'assistant', 'llama3', 12, 'Connection refused: /[0:0:0:0:0:0:0:1]:80', b'0', '1', '2024-05-22 09:57:02', NULL, '2024-07-05 01:30:39', b'1', 1), (1761, 1781604279872581694, NULL, 1, 10, 'user', 'llama3', 12, '你是 ollama3 么？', b'0', '1', '2024-05-22 09:57:03', '1', '2024-07-05 01:30:39', b'1', 1), (1762, 1781604279872581694, 1761, 1, 10, 'assistant', 'llama3', 12, 'Connection refused: /[0:0:0:0:0:0:0:1]:80', b'0', '1', '2024-05-22 09:57:03', NULL, '2024-07-05 01:30:39', b'1', 1), (1763, 1781604279872581694, NULL, 1, 10, 'user', 'llama3', 12, '你是 ollama3 么？', b'0', '1', '2024-05-22 09:57:04', '1', '2024-07-05 01:30:39', b'1', 1), (1764, 1781604279872581694, 1763, 1, 10, 'assistant', 'llama3', 12, 'Connection refused: /[0:0:0:0:0:0:0:1]:80', b'0', '1', '2024-05-22 09:57:04', NULL, '2024-07-05 01:30:39', b'1', 1), (1765, 1781604279872581694, NULL, 1, 10, 'user', 'llama3', 12, '你是 ollama3 么？', b'0', '1', '2024-05-22 09:57:05', '1', '2024-07-05 01:30:39', b'1', 1), (1766, 1781604279872581694, 1765, 1, 10, 'assistant', 'llama3', 12, 'Connection refused: /[0:0:0:0:0:0:0:1]:80', b'0', '1', '2024-05-22 09:57:05', NULL, '2024-07-05 01:30:39', b'1', 1), (1767, 1781604279872581694, NULL, 1, 10, 'user', 'llama3', 12, '你是 ollama3 么？', b'0', '1', '2024-05-22 09:57:06', '1', '2024-07-05 01:30:39', b'1', 1), (1768, 1781604279872581694, 1767, 1, 10, 'assistant', 'llama3', 12, 'Connection refused: /[0:0:0:0:0:0:0:1]:80', b'0', '1', '2024-05-22 09:57:06', NULL, '2024-07-05 01:30:39', b'1', 1), (1769, 1781604279872581694, NULL, 1, 10, 'user', 'llama3', 12, '你是 ollama3 么？', b'0', '1', '2024-05-22 09:57:07', '1', '2024-07-05 01:30:39', b'1', 1), (1770, 1781604279872581694, 1769, 1, 10, 'assistant', 'llama3', 12, 'Connection refused: /[0:0:0:0:0:0:0:1]:80', b'0', '1', '2024-05-22 09:57:07', NULL, '2024-07-05 01:30:39', b'1', 1), (1771, 1781604279872581694, NULL, 1, 10, 'user', 'llama3', 12, '你是 ollama3 么？', b'0', '1', '2024-05-22 09:57:08', '1', '2024-07-05 01:30:39', b'1', 1), (1772, 1781604279872581694, 1771, 1, 10, 'assistant', 'llama3', 12, 'Connection refused: /[0:0:0:0:0:0:0:1]:80', b'0', '1', '2024-05-22 09:57:08', NULL, '2024-07-05 01:30:39', b'1', 1), (1773, 1781604279872581694, NULL, 1, 10, 'user', 'llama3', 12, '你是 ollama3 么？', b'0', '1', '2024-05-22 09:57:09', '1', '2024-07-05 01:30:39', b'1', 1), (1774, 1781604279872581694, 1773, 1, 10, 'assistant', 'llama3', 12, 'Connection refused: /[0:0:0:0:0:0:0:1]:80', b'0', '1', '2024-05-22 09:57:09', NULL, '2024-07-05 01:30:39', b'1', 1), (1775, 1781604279872581694, NULL, 1, 10, 'user', 'llama3', 12, '你是 ollama3 么？', b'0', '1', '2024-05-22 09:57:10', '1', '2024-07-05 01:30:39', b'1', 1), (1776, 1781604279872581694, 1775, 1, 10, 'assistant', 'llama3', 12, 'Connection refused: /[0:0:0:0:0:0:0:1]:80', b'0', '1', '2024-05-22 09:57:10', NULL, '2024-07-05 01:30:39', b'1', 1), (1777, 1781604279872581694, NULL, 1, 10, 'user', 'llama3', 12, '你是 ollama3 么？', b'0', '1', '2024-05-22 09:57:11', '1', '2024-07-05 01:30:39', b'1', 1), (1778, 1781604279872581694, 1777, 1, 10, 'assistant', 'llama3', 12, 'Connection refused: /[0:0:0:0:0:0:0:1]:80', b'0', '1', '2024-05-22 09:57:11', NULL, '2024-07-05 01:30:39', b'1', 1), (1779, 1781604279872581694, NULL, 1, 10, 'user', 'llama3', 12, '你是 ollama3 么？', b'0', '1', '2024-05-22 09:57:12', '1', '2024-07-05 01:30:39', b'1', 1), (1780, 1781604279872581694, 1779, 1, 10, 'assistant', 'llama3', 12, 'Connection refused: /[0:0:0:0:0:0:0:1]:80', b'0', '1', '2024-05-22 09:57:12', NULL, '2024-07-05 01:30:39', b'1', 1), (1781, 1781604279872581694, NULL, 1, 10, 'user', 'llama3', 12, '你是 ollama3 么？', b'0', '1', '2024-05-22 09:57:13', '1', '2024-07-05 01:30:39', b'1', 1), (1782, 1781604279872581694, 1781, 1, 10, 'assistant', 'llama3', 12, 'Connection refused: /[0:0:0:0:0:0:0:1]:80', b'0', '1', '2024-05-22 09:57:13', NULL, '2024-07-05 01:30:39', b'1', 1), (1783, 1781604279872581694, NULL, 1, 10, 'user', 'llama3', 12, '你是 ollama3 么？', b'0', '1', '2024-05-22 09:57:14', '1', '2024-07-05 01:30:39', b'1', 1), (1784, 1781604279872581694, 1783, 1, 10, 'assistant', 'llama3', 12, 'Connection refused: /[0:0:0:0:0:0:0:1]:80', b'0', '1', '2024-05-22 09:57:14', NULL, '2024-07-05 01:30:39', b'1', 1), (1785, 1781604279872581694, NULL, 1, 10, 'user', 'llama3', 12, '你是 ollama3 么？', b'0', '1', '2024-05-22 09:57:15', '1', '2024-07-05 01:30:39', b'1', 1), (1786, 1781604279872581694, 1785, 1, 10, 'assistant', 'llama3', 12, 'Connection refused: /[0:0:0:0:0:0:0:1]:80', b'0', '1', '2024-05-22 09:57:15', NULL, '2024-07-05 01:30:39', b'1', 1), (1787, 1781604279872581694, NULL, 1, 10, 'user', 'llama3', 12, '你是 ollama3 么？', b'0', '1', '2024-05-22 09:57:16', '1', '2024-07-05 01:30:39', b'1', 1), (1788, 1781604279872581694, 1787, 1, 10, 'assistant', 'llama3', 12, 'Connection refused: /[0:0:0:0:0:0:0:1]:80', b'0', '1', '2024-05-22 09:57:16', NULL, '2024-07-05 01:30:39', b'1', 1), (1789, 1781604279872581694, NULL, 1, 10, 'user', 'llama3', 12, '你是 ollama3 么？', b'0', '1', '2024-05-22 09:57:17', '1', '2024-07-05 01:30:39', b'1', 1), (1790, 1781604279872581694, 1789, 1, 10, 'assistant', 'llama3', 12, 'Connection refused: /[0:0:0:0:0:0:0:1]:80', b'0', '1', '2024-05-22 09:57:17', NULL, '2024-07-05 01:30:39', b'1', 1), (1791, 1781604279872581694, NULL, 1, 10, 'user', 'llama3', 12, '你是 ollama3 么？', b'0', '1', '2024-05-22 09:57:18', '1', '2024-07-05 01:30:39', b'1', 1), (1792, 1781604279872581694, 1791, 1, 10, 'assistant', 'llama3', 12, 'Connection refused: /[0:0:0:0:0:0:0:1]:80', b'0', '1', '2024-05-22 09:57:18', NULL, '2024-07-05 01:30:39', b'1', 1), (1793, 1781604279872581694, NULL, 1, 10, 'user', 'llama3', 12, '你是 ollama3 么？', b'0', '1', '2024-05-22 09:57:19', '1', '2024-07-05 01:30:39', b'1', 1), (1794, 1781604279872581694, 1793, 1, 10, 'assistant', 'llama3', 12, 'Connection refused: /[0:0:0:0:0:0:0:1]:80', b'0', '1', '2024-05-22 09:57:20', NULL, '2024-07-05 01:30:39', b'1', 1), (1795, 1781604279872581694, NULL, 1, 10, 'user', 'llama3', 12, '你是 ollama3 么？', b'0', '1', '2024-05-22 09:57:21', '1', '2024-07-05 01:30:39', b'1', 1), (1796, 1781604279872581694, 1795, 1, 10, 'assistant', 'llama3', 12, 'Connection refused: /[0:0:0:0:0:0:0:1]:80', b'0', '1', '2024-05-22 09:57:21', NULL, '2024-07-05 01:30:39', b'1', 1), (1797, 1781604279872581694, NULL, 1, 10, 'user', 'llama3', 12, '你是 ollama3 么？', b'0', '1', '2024-05-22 09:57:22', '1', '2024-07-05 01:30:39', b'1', 1), (1798, 1781604279872581694, 1797, 1, 10, 'assistant', 'llama3', 12, 'Connection refused: /[0:0:0:0:0:0:0:1]:80', b'0', '1', '2024-05-22 09:57:22', NULL, '2024-07-05 01:30:39', b'1', 1), (1799, 1781604279872581694, NULL, 1, 10, 'user', 'llama3', 12, '你是 ollama3 么？', b'0', '1', '2024-05-22 09:57:23', '1', '2024-07-05 01:30:39', b'1', 1), (1800, 1781604279872581694, 1799, 1, 10, 'assistant', 'llama3', 12, 'Connection refused: /[0:0:0:0:0:0:0:1]:80', b'0', '1', '2024-05-22 09:57:23', NULL, '2024-07-05 01:30:39', b'1', 1), (1801, 1781604279872581694, NULL, 1, 10, 'user', 'llama3', 12, '你是 ollama3 么？', b'0', '1', '2024-05-22 09:57:24', '1', '2024-07-05 01:30:39', b'1', 1), (1802, 1781604279872581694, 1801, 1, 10, 'assistant', 'llama3', 12, 'Connection refused: /[0:0:0:0:0:0:0:1]:80', b'0', '1', '2024-05-22 09:57:24', NULL, '2024-07-05 01:30:39', b'1', 1), (1803, 1781604279872581694, NULL, 1, 10, 'user', 'llama3', 12, '你是 ollama3 么？', b'0', '1', '2024-05-22 09:57:25', '1', '2024-07-05 01:30:39', b'1', 1), (1804, 1781604279872581694, 1803, 1, 10, 'assistant', 'llama3', 12, 'Connection refused: /[0:0:0:0:0:0:0:1]:80', b'0', '1', '2024-05-22 09:57:25', NULL, '2024-07-05 01:30:39', b'1', 1), (1805, 1781604279872581694, NULL, 1, 10, 'user', 'llama3', 12, '你是 ollama3 么？', b'0', '1', '2024-05-22 09:57:26', '1', '2024-07-05 01:30:39', b'1', 1), (1806, 1781604279872581694, 1805, 1, 10, 'assistant', 'llama3', 12, 'Connection refused: /[0:0:0:0:0:0:0:1]:80', b'0', '1', '2024-05-22 09:57:26', NULL, '2024-07-05 01:30:39', b'1', 1), (1807, 1781604279872581694, NULL, 1, 10, 'user', 'llama3', 12, '你是 ollama3 么？', b'0', '1', '2024-05-22 09:57:27', '1', '2024-07-05 01:30:39', b'1', 1), (1808, 1781604279872581694, 1807, 1, 10, 'assistant', 'llama3', 12, 'Connection refused: /[0:0:0:0:0:0:0:1]:80', b'0', '1', '2024-05-22 09:57:27', NULL, '2024-07-05 01:30:39', b'1', 1), (1809, 1781604279872581694, NULL, 1, 10, 'user', 'llama3', 12, '你是 ollama3 么？', b'0', '1', '2024-05-22 09:57:28', '1', '2024-07-05 01:30:39', b'1', 1), (1810, 1781604279872581694, 1809, 1, 10, 'assistant', 'llama3', 12, '404 Not Found from POST http://127.0.0.1:11434/api/chat', b'0', '1', '2024-05-22 09:57:28', NULL, '2024-07-05 01:30:39', b'1', 1), (1811, 1781604279872581694, NULL, 1, 10, 'user', 'llama3', 12, '你是 ollama3 么？', b'0', '1', '2024-05-22 09:57:29', '1', '2024-07-05 01:30:39', b'1', 1), (1812, 1781604279872581694, 1811, 1, 10, 'assistant', 'llama3', 12, '404 Not Found from POST http://127.0.0.1:11434/api/chat', b'0', '1', '2024-05-22 09:57:29', NULL, '2024-07-05 01:30:39', b'1', 1), (1813, 1781604279872581694, NULL, 1, 10, 'user', 'llama3', 12, '你是 ollama3 么？', b'0', '1', '2024-05-22 09:57:30', '1', '2024-07-05 01:30:39', b'1', 1), (1814, 1781604279872581694, 1813, 1, 10, 'assistant', 'llama3', 12, '404 Not Found from POST http://127.0.0.1:11434/api/chat', b'0', '1', '2024-05-22 09:57:30', NULL, '2024-07-05 01:30:39', b'1', 1), (1815, 1781604279872581694, NULL, 1, 10, 'user', 'llama3', 12, '你是 ollama3 么？', b'0', '1', '2024-05-22 09:57:31', '1', '2024-07-05 01:30:39', b'1', 1), (1816, 1781604279872581694, 1815, 1, 10, 'assistant', 'llama3', 12, '404 Not Found from POST http://127.0.0.1:11434/api/chat', b'0', '1', '2024-05-22 09:57:31', NULL, '2024-07-05 01:30:39', b'1', 1), (1817, 1781604279872581694, NULL, 1, 10, 'user', 'llama3', 12, '你是 ollama3 么？', b'0', '1', '2024-05-22 09:57:32', '1', '2024-07-05 01:30:39', b'1', 1), (1818, 1781604279872581694, 1817, 1, 10, 'assistant', 'llama3', 12, '404 Not Found from POST http://127.0.0.1:11434/api/chat', b'0', '1', '2024-05-22 09:57:32', NULL, '2024-07-05 01:30:39', b'1', 1), (1819, 1781604279872581694, NULL, 1, 10, 'user', 'llama3', 12, '你是 ollama3 么？', b'0', '1', '2024-05-22 09:57:33', '1', '2024-07-05 01:30:39', b'1', 1), (1820, 1781604279872581694, 1819, 1, 10, 'assistant', 'llama3', 12, '404 Not Found from POST http://127.0.0.1:11434/api/chat', b'0', '1', '2024-05-22 09:57:33', NULL, '2024-07-05 01:30:39', b'1', 1), (1821, 1781604279872581694, NULL, 1, 10, 'user', 'llama3', 12, '你是 ollama3 么？', b'0', '1', '2024-05-22 09:57:34', '1', '2024-07-05 01:30:39', b'1', 1), (1822, 1781604279872581694, 1821, 1, 10, 'assistant', 'llama3', 12, '404 Not Found from POST http://127.0.0.1:11434/api/chat', b'0', '1', '2024-05-22 09:57:34', NULL, '2024-07-05 01:30:39', b'1', 1), (1823, 1781604279872581694, NULL, 1, 10, 'user', 'llama3', 12, '你是 ollama3 么？', b'0', '1', '2024-05-22 09:57:35', '1', '2024-07-05 01:30:39', b'1', 1), (1824, 1781604279872581694, 1823, 1, 10, 'assistant', 'llama3', 12, '404 Not Found from POST http://127.0.0.1:11434/api/chat', b'0', '1', '2024-05-22 09:57:35', NULL, '2024-07-05 01:30:39', b'1', 1), (1825, 1781604279872581694, NULL, 1, 10, 'user', 'llama3', 12, '你是 ollama3 么？', b'0', '1', '2024-05-22 09:57:36', '1', '2024-07-05 01:30:39', b'1', 1), (1826, 1781604279872581694, 1825, 1, 10, 'assistant', 'llama3', 12, '404 Not Found from POST http://127.0.0.1:11434/api/chat', b'0', '1', '2024-05-22 09:57:36', NULL, '2024-07-05 01:30:39', b'1', 1), (1827, 1781604279872581694, NULL, 1, 10, 'user', 'llama3', 12, '你是 ollama3 么？', b'0', '1', '2024-05-22 09:57:37', '1', '2024-07-05 01:30:39', b'1', 1);
INSERT INTO `ai_chat_message` (`id`, `conversation_id`, `reply_id`, `user_id`, `role_id`, `type`, `model`, `model_id`, `content`, `use_context`, `creator`, `create_time`, `updater`, `update_time`, `deleted`, `tenant_id`) VALUES (1828, 1781604279872581694, 1827, 1, 10, 'assistant', 'llama3', 12, '404 Not Found from POST http://127.0.0.1:11434/api/chat', b'0', '1', '2024-05-22 09:57:37', NULL, '2024-07-05 01:30:39', b'1', 1), (1829, 1781604279872581694, NULL, 1, 10, 'user', 'llama3', 12, '你是 ollama3 么？', b'0', '1', '2024-05-22 09:57:38', '1', '2024-07-05 01:30:39', b'1', 1), (1830, 1781604279872581694, 1829, 1, 10, 'assistant', 'llama3', 12, '404 Not Found from POST http://127.0.0.1:11434/api/chat', b'0', '1', '2024-05-22 09:57:38', NULL, '2024-07-05 01:30:39', b'1', 1), (1831, 1781604279872581694, NULL, 1, 10, 'user', 'llama3', 12, '你好呀', b'0', '1', '2024-05-22 09:57:38', '1', '2024-07-05 01:30:39', b'1', 1), (1832, 1781604279872581694, 1831, 1, 10, 'assistant', 'llama3', 12, '404 Not Found from POST http://127.0.0.1:11434/api/chat', b'0', '1', '2024-05-22 09:57:38', NULL, '2024-07-05 01:30:39', b'1', 1), (1833, 1781604279872581694, NULL, 1, 10, 'user', 'llama3', 12, '你是 ollama3 么？', b'0', '1', '2024-05-22 09:57:39', '1', '2024-07-05 01:30:39', b'1', 1), (1834, 1781604279872581694, 1833, 1, 10, 'assistant', 'llama3', 12, '404 Not Found from POST http://127.0.0.1:11434/api/chat', b'0', '1', '2024-05-22 09:57:39', NULL, '2024-07-05 01:30:39', b'1', 1), (1835, 1781604279872581694, NULL, 1, 10, 'user', 'llama3', 12, '你好呀', b'0', '1', '2024-05-22 09:57:39', '1', '2024-07-05 01:30:39', b'1', 1), (1836, 1781604279872581694, 1835, 1, 10, 'assistant', 'llama3', 12, '404 Not Found from POST http://127.0.0.1:11434/api/chat', b'0', '1', '2024-05-22 09:57:39', NULL, '2024-07-05 01:30:39', b'1', 1), (1837, 1781604279872581694, NULL, 1, 10, 'user', 'llama3', 12, '你是 ollama3 么？', b'0', '1', '2024-05-22 09:57:40', '1', '2024-07-05 01:30:39', b'1', 1), (1838, 1781604279872581694, 1837, 1, 10, 'assistant', 'llama3', 12, '404 Not Found from POST http://127.0.0.1:11434/api/chat', b'0', '1', '2024-05-22 09:57:40', NULL, '2024-07-05 01:30:39', b'1', 1), (1839, 1781604279872581694, NULL, 1, 10, 'user', 'llama3', 12, '你好呀', b'0', '1', '2024-05-22 09:57:41', '1', '2024-07-05 01:30:39', b'1', 1), (1840, 1781604279872581694, 1839, 1, 10, 'assistant', 'llama3', 12, '404 Not Found from POST http://127.0.0.1:11434/api/chat', b'0', '1', '2024-05-22 09:57:41', NULL, '2024-07-05 01:30:39', b'1', 1), (1841, 1781604279872581694, NULL, 1, 10, 'user', 'llama3', 12, '你是 ollama3 么？', b'0', '1', '2024-05-22 09:57:41', '1', '2024-07-05 01:30:39', b'1', 1), (1842, 1781604279872581694, 1841, 1, 10, 'assistant', 'llama3', 12, '404 Not Found from POST http://127.0.0.1:11434/api/chat', b'0', '1', '2024-05-22 09:57:41', NULL, '2024-07-05 01:30:39', b'1', 1), (1843, 1781604279872581694, NULL, 1, 10, 'user', 'llama3', 12, '你好呀', b'0', '1', '2024-05-22 09:57:42', '1', '2024-07-05 01:30:39', b'1', 1), (1844, 1781604279872581694, 1843, 1, 10, 'assistant', 'llama3', 12, '404 Not Found from POST http://127.0.0.1:11434/api/chat', b'0', '1', '2024-05-22 09:57:42', NULL, '2024-07-05 01:30:39', b'1', 1), (1845, 1781604279872581694, NULL, 1, 10, 'user', 'llama3', 12, '你是 ollama3 么？', b'0', '1', '2024-05-22 09:57:42', '1', '2024-07-05 01:30:39', b'1', 1), (1846, 1781604279872581694, 1845, 1, 10, 'assistant', 'llama3', 12, '404 Not Found from POST http://127.0.0.1:11434/api/chat', b'0', '1', '2024-05-22 09:57:42', NULL, '2024-07-05 01:30:39', b'1', 1), (1847, 1781604279872581694, NULL, 1, 10, 'user', 'llama3', 12, '你好呀', b'0', '1', '2024-05-22 09:57:43', '1', '2024-07-05 01:30:39', b'1', 1), (1848, 1781604279872581694, 1847, 1, 10, 'assistant', 'llama3', 12, '404 Not Found from POST http://127.0.0.1:11434/api/chat', b'0', '1', '2024-05-22 09:57:43', NULL, '2024-07-05 01:30:39', b'1', 1), (1849, 1781604279872581694, NULL, 1, 10, 'user', 'llama3', 12, '你是 ollama3 么？', b'0', '1', '2024-05-22 09:57:43', '1', '2024-07-05 01:30:39', b'1', 1), (1850, 1781604279872581694, 1849, 1, 10, 'assistant', 'llama3', 12, '404 Not Found from POST http://127.0.0.1:11434/api/chat', b'0', '1', '2024-05-22 09:57:43', NULL, '2024-07-05 01:30:39', b'1', 1), (1851, 1781604279872581694, NULL, 1, 10, 'user', 'llama3', 12, '你好呀', b'0', '1', '2024-05-22 09:57:44', '1', '2024-07-05 01:30:39', b'1', 1), (1852, 1781604279872581694, 1851, 1, 10, 'assistant', 'llama3', 12, '404 Not Found from POST http://127.0.0.1:11434/api/chat', b'0', '1', '2024-05-22 09:57:44', NULL, '2024-07-05 01:30:39', b'1', 1), (1853, 1781604279872581694, NULL, 1, 10, 'user', 'llama3', 12, '你是 ollama3 么？', b'0', '1', '2024-05-22 09:57:44', '1', '2024-07-05 01:30:39', b'1', 1), (1854, 1781604279872581694, 1853, 1, 10, 'assistant', 'llama3', 12, '404 Not Found from POST http://127.0.0.1:11434/api/chat', b'0', '1', '2024-05-22 09:57:44', NULL, '2024-07-05 01:30:39', b'1', 1), (1855, 1781604279872581694, NULL, 1, 10, 'user', 'llama3', 12, '你好呀', b'0', '1', '2024-05-22 09:57:45', '1', '2024-07-05 01:30:39', b'1', 1), (1856, 1781604279872581694, 1855, 1, 10, 'assistant', 'llama3', 12, '404 Not Found from POST http://127.0.0.1:11434/api/chat', b'0', '1', '2024-05-22 09:57:45', NULL, '2024-07-05 01:30:39', b'1', 1), (1857, 1781604279872581694, NULL, 1, 10, 'user', 'llama3', 12, '你是 ollama3 么？', b'0', '1', '2024-05-22 09:57:45', '1', '2024-07-05 01:30:39', b'1', 1), (1858, 1781604279872581694, 1857, 1, 10, 'assistant', 'llama3', 12, '404 Not Found from POST http://127.0.0.1:11434/api/chat', b'0', '1', '2024-05-22 09:57:45', NULL, '2024-07-05 01:30:39', b'1', 1), (1859, 1781604279872581694, NULL, 1, 10, 'user', 'llama3', 12, '你好呀', b'0', '1', '2024-05-22 09:57:46', '1', '2024-07-05 01:30:39', b'1', 1), (1860, 1781604279872581694, 1859, 1, 10, 'assistant', 'llama3', 12, '404 Not Found from POST http://127.0.0.1:11434/api/chat', b'0', '1', '2024-05-22 09:57:46', NULL, '2024-07-05 01:30:39', b'1', 1), (1861, 1781604279872581694, NULL, 1, 10, 'user', 'llama3', 12, '你是 ollama3 么？', b'0', '1', '2024-05-22 09:57:47', '1', '2024-07-05 01:30:39', b'1', 1), (1862, 1781604279872581694, 1861, 1, 10, 'assistant', 'llama3', 12, '404 Not Found from POST http://127.0.0.1:11434/api/chat', b'0', '1', '2024-05-22 09:57:47', NULL, '2024-07-05 01:30:39', b'1', 1), (1863, 1781604279872581694, NULL, 1, 10, 'user', 'llama3', 12, '你好呀', b'0', '1', '2024-05-22 09:57:47', '1', '2024-07-05 01:30:39', b'1', 1), (1864, 1781604279872581694, 1863, 1, 10, 'assistant', 'llama3', 12, '404 Not Found from POST http://127.0.0.1:11434/api/chat', b'0', '1', '2024-05-22 09:57:47', NULL, '2024-07-05 01:30:39', b'1', 1), (1865, 1781604279872581694, NULL, 1, 10, 'user', 'llama3', 12, '你是 ollama3 么？', b'0', '1', '2024-05-22 09:57:48', '1', '2024-07-05 01:30:39', b'1', 1), (1866, 1781604279872581694, 1865, 1, 10, 'assistant', 'llama3', 12, '404 Not Found from POST http://127.0.0.1:11434/api/chat', b'0', '1', '2024-05-22 09:57:48', NULL, '2024-07-05 01:30:39', b'1', 1), (1867, 1781604279872581694, NULL, 1, 10, 'user', 'llama3', 12, '你好呀', b'0', '1', '2024-05-22 09:57:48', '1', '2024-07-05 01:30:39', b'1', 1), (1868, 1781604279872581694, 1867, 1, 10, 'assistant', 'llama3', 12, '404 Not Found from POST http://127.0.0.1:11434/api/chat', b'0', '1', '2024-05-22 09:57:48', NULL, '2024-07-05 01:30:39', b'1', 1), (1869, 1781604279872581694, NULL, 1, 10, 'user', 'llama3', 12, '你好呀', b'0', '1', '2024-05-22 09:57:49', '1', '2024-07-05 01:30:39', b'1', 1), (1870, 1781604279872581694, NULL, 1, 10, 'user', 'llama3', 12, '你是 ollama3 么？', b'0', '1', '2024-05-22 09:57:49', '1', '2024-07-05 01:30:39', b'1', 1), (1871, 1781604279872581694, 1870, 1, 10, 'assistant', 'llama3', 12, '404 Not Found from POST http://127.0.0.1:11434/api/chat', b'0', '1', '2024-05-22 09:57:49', NULL, '2024-07-05 01:30:39', b'1', 1), (1872, 1781604279872581694, 1869, 1, 10, 'assistant', 'llama3', 12, '404 Not Found from POST http://127.0.0.1:11434/api/chat', b'0', '1', '2024-05-22 09:57:49', NULL, '2024-07-05 01:30:39', b'1', 1), (1873, 1781604279872581694, NULL, 1, 10, 'user', 'llama3', 12, '你是 ollama3 么？', b'0', '1', '2024-05-22 09:57:51', '1', '2024-07-05 01:30:39', b'1', 1), (1874, 1781604279872581694, NULL, 1, 10, 'user', 'llama3', 12, '你好呀', b'0', '1', '2024-05-22 09:57:51', '1', '2024-07-05 01:30:39', b'1', 1), (1875, 1781604279872581694, 1873, 1, 10, 'assistant', 'llama3', 12, '404 Not Found from POST http://127.0.0.1:11434/api/chat', b'0', '1', '2024-05-22 09:57:51', NULL, '2024-07-05 01:30:39', b'1', 1), (1876, 1781604279872581694, 1874, 1, 10, 'assistant', 'llama3', 12, '404 Not Found from POST http://127.0.0.1:11434/api/chat', b'0', '1', '2024-05-22 09:57:51', NULL, '2024-07-05 01:30:39', b'1', 1), (1877, 1781604279872581694, NULL, 1, 10, 'user', 'llama3', 12, '你好呀', b'0', '1', '2024-05-22 09:57:53', '1', '2024-07-05 01:30:39', b'1', 1), (1878, 1781604279872581694, NULL, 1, 10, 'user', 'llama3', 12, '你是 ollama3 么？', b'0', '1', '2024-05-22 09:57:53', '1', '2024-07-05 01:30:39', b'1', 1), (1879, 1781604279872581694, 1877, 1, 10, 'assistant', 'llama3', 12, '404 Not Found from POST http://127.0.0.1:11434/api/chat', b'0', '1', '2024-05-22 09:57:53', NULL, '2024-07-05 01:30:39', b'1', 1), (1880, 1781604279872581694, 1878, 1, 10, 'assistant', 'llama3', 12, '404 Not Found from POST http://127.0.0.1:11434/api/chat', b'0', '1', '2024-05-22 09:57:53', NULL, '2024-07-05 01:30:39', b'1', 1), (1881, 1781604279872581694, NULL, 1, 10, 'user', 'llama3', 12, '你好呀', b'0', '1', '2024-05-22 09:57:55', '1', '2024-07-05 01:30:39', b'1', 1), (1882, 1781604279872581694, NULL, 1, 10, 'user', 'llama3', 12, '你是 ollama3 么？', b'0', '1', '2024-05-22 09:57:55', '1', '2024-07-05 01:30:39', b'1', 1), (1883, 1781604279872581694, 1881, 1, 10, 'assistant', 'llama3', 12, '404 Not Found from POST http://127.0.0.1:11434/api/chat', b'0', '1', '2024-05-22 09:57:55', NULL, '2024-07-05 01:30:39', b'1', 1), (1884, 1781604279872581694, 1882, 1, 10, 'assistant', 'llama3', 12, '404 Not Found from POST http://127.0.0.1:11434/api/chat', b'0', '1', '2024-05-22 09:57:55', NULL, '2024-07-05 01:30:39', b'1', 1), (1885, 1781604279872581694, NULL, 1, 10, 'user', 'llama3', 12, '你是 ollama3 么？', b'0', '1', '2024-05-22 09:57:57', '1', '2024-07-05 01:30:39', b'1', 1), (1886, 1781604279872581694, NULL, 1, 10, 'user', 'llama3', 12, '你好呀', b'0', '1', '2024-05-22 09:57:57', '1', '2024-07-05 01:30:39', b'1', 1), (1887, 1781604279872581694, 1885, 1, 10, 'assistant', 'llama3', 12, '404 Not Found from POST http://127.0.0.1:11434/api/chat', b'0', '1', '2024-05-22 09:57:57', NULL, '2024-07-05 01:30:39', b'1', 1), (1888, 1781604279872581694, 1886, 1, 10, 'assistant', 'llama3', 12, '404 Not Found from POST http://127.0.0.1:11434/api/chat', b'0', '1', '2024-05-22 09:57:57', NULL, '2024-07-05 01:30:39', b'1', 1), (1889, 1781604279872581694, NULL, 1, 10, 'user', 'llama3', 12, '你好呀', b'0', '1', '2024-05-22 09:57:58', '1', '2024-07-05 01:30:39', b'1', 1), (1890, 1781604279872581694, NULL, 1, 10, 'user', 'llama3', 12, '你是 ollama3 么？', b'0', '1', '2024-05-22 09:57:58', '1', '2024-07-05 01:30:39', b'1', 1), (1891, 1781604279872581694, 1889, 1, 10, 'assistant', 'llama3', 12, '404 Not Found from POST http://127.0.0.1:11434/api/chat', b'0', '1', '2024-05-22 09:57:58', NULL, '2024-07-05 01:30:39', b'1', 1), (1892, 1781604279872581694, 1890, 1, 10, 'assistant', 'llama3', 12, '404 Not Found from POST http://127.0.0.1:11434/api/chat', b'0', '1', '2024-05-22 09:57:58', NULL, '2024-07-05 01:30:39', b'1', 1), (1893, 1781604279872581694, NULL, 1, 10, 'user', 'llama3', 12, '你是 ollama3 么？', b'0', '1', '2024-05-22 09:57:59', '1', '2024-07-05 01:30:39', b'1', 1), (1894, 1781604279872581694, NULL, 1, 10, 'user', 'llama3', 12, '你好呀', b'0', '1', '2024-05-22 09:57:59', '1', '2024-07-05 01:30:39', b'1', 1), (1895, 1781604279872581694, 1893, 1, 10, 'assistant', 'llama3', 12, '404 Not Found from POST http://127.0.0.1:11434/api/chat', b'0', '1', '2024-05-22 09:57:59', NULL, '2024-07-05 01:30:39', b'1', 1), (1896, 1781604279872581694, 1894, 1, 10, 'assistant', 'llama3', 12, '404 Not Found from POST http://127.0.0.1:11434/api/chat', b'0', '1', '2024-05-22 09:57:59', NULL, '2024-07-05 01:30:39', b'1', 1), (1897, 1781604279872581694, NULL, 1, 10, 'user', 'llama3', 12, '你好呀', b'0', '1', '2024-05-22 09:58:00', '1', '2024-07-05 01:30:39', b'1', 1), (1898, 1781604279872581694, NULL, 1, 10, 'user', 'llama3', 12, '你是 ollama3 么？', b'0', '1', '2024-05-22 09:58:00', '1', '2024-07-05 01:30:39', b'1', 1), (1899, 1781604279872581694, 1897, 1, 10, 'assistant', 'llama3', 12, '404 Not Found from POST http://127.0.0.1:11434/api/chat', b'0', '1', '2024-05-22 09:58:00', NULL, '2024-07-05 01:30:39', b'1', 1), (1900, 1781604279872581694, 1898, 1, 10, 'assistant', 'llama3', 12, '404 Not Found from POST http://127.0.0.1:11434/api/chat', b'0', '1', '2024-05-22 09:58:00', NULL, '2024-07-05 01:30:39', b'1', 1), (1901, 1781604279872581694, NULL, 1, 10, 'user', 'llama3', 12, '你好呀', b'0', '1', '2024-05-22 09:58:01', '1', '2024-07-05 01:30:39', b'1', 1), (1902, 1781604279872581694, NULL, 1, 10, 'user', 'llama3', 12, '你是 ollama3 么？', b'0', '1', '2024-05-22 09:58:01', '1', '2024-07-05 01:30:39', b'1', 1), (1903, 1781604279872581694, 1901, 1, 10, 'assistant', 'llama3', 12, '404 Not Found from POST http://127.0.0.1:11434/api/chat', b'0', '1', '2024-05-22 09:58:01', NULL, '2024-07-05 01:30:39', b'1', 1), (1904, 1781604279872581694, 1902, 1, 10, 'assistant', 'llama3', 12, '404 Not Found from POST http://127.0.0.1:11434/api/chat', b'0', '1', '2024-05-22 09:58:01', NULL, '2024-07-05 01:30:39', b'1', 1), (1905, 1781604279872581694, NULL, 1, 10, 'user', 'llama3', 12, '你好呀', b'0', '1', '2024-05-22 09:58:02', '1', '2024-07-05 01:30:39', b'1', 1), (1906, 1781604279872581694, NULL, 1, 10, 'user', 'llama3', 12, '你是 ollama3 么？', b'0', '1', '2024-05-22 09:58:02', '1', '2024-07-05 01:30:39', b'1', 1), (1907, 1781604279872581694, 1906, 1, 10, 'assistant', 'llama3', 12, '404 Not Found from POST http://127.0.0.1:11434/api/chat', b'0', '1', '2024-05-22 09:58:02', NULL, '2024-07-05 01:30:39', b'1', 1), (1908, 1781604279872581694, 1905, 1, 10, 'assistant', 'llama3', 12, '404 Not Found from POST http://127.0.0.1:11434/api/chat', b'0', '1', '2024-05-22 09:58:02', NULL, '2024-07-05 01:30:39', b'1', 1), (1909, 1781604279872581694, NULL, 1, 10, 'user', 'llama3', 12, '你好呀', b'0', '1', '2024-05-22 09:58:03', '1', '2024-07-05 01:30:39', b'1', 1), (1910, 1781604279872581694, 1909, 1, 10, 'assistant', 'llama3', 12, '404 Not Found from POST http://127.0.0.1:11434/api/chat', b'0', '1', '2024-05-22 09:58:03', NULL, '2024-07-05 01:30:39', b'1', 1), (1911, 1781604279872581694, NULL, 1, 10, 'user', 'llama3', 12, '你是 ollama3 么？', b'0', '1', '2024-05-22 09:58:03', '1', '2024-07-05 01:30:39', b'1', 1), (1912, 1781604279872581694, 1911, 1, 10, 'assistant', 'llama3', 12, '404 Not Found from POST http://127.0.0.1:11434/api/chat', b'0', '1', '2024-05-22 09:58:03', NULL, '2024-07-05 01:30:39', b'1', 1), (1913, 1781604279872581694, NULL, 1, 10, 'user', 'llama3', 12, '你好呀', b'0', '1', '2024-05-22 09:58:04', '1', '2024-07-05 01:30:39', b'1', 1), (1914, 1781604279872581694, NULL, 1, 10, 'user', 'llama3', 12, '你是 ollama3 么？', b'0', '1', '2024-05-22 09:58:04', '1', '2024-07-05 01:30:39', b'1', 1), (1915, 1781604279872581694, 1913, 1, 10, 'assistant', 'llama3', 12, '404 Not Found from POST http://127.0.0.1:11434/api/chat', b'0', '1', '2024-05-22 09:58:04', NULL, '2024-07-05 01:30:39', b'1', 1), (1916, 1781604279872581694, 1914, 1, 10, 'assistant', 'llama3', 12, '404 Not Found from POST http://127.0.0.1:11434/api/chat', b'0', '1', '2024-05-22 09:58:04', NULL, '2024-07-05 01:30:39', b'1', 1), (1917, 1781604279872581694, NULL, 1, 10, 'user', 'llama3', 12, '你是 ollama3 么？', b'0', '1', '2024-05-22 09:58:05', '1', '2024-07-05 01:30:39', b'1', 1), (1918, 1781604279872581694, NULL, 1, 10, 'user', 'llama3', 12, '你好呀', b'0', '1', '2024-05-22 09:58:05', '1', '2024-07-05 01:30:39', b'1', 1), (1919, 1781604279872581694, 1918, 1, 10, 'assistant', 'llama3', 12, '404 Not Found from POST http://127.0.0.1:11434/api/chat', b'0', '1', '2024-05-22 09:58:05', NULL, '2024-07-05 01:30:39', b'1', 1), (1920, 1781604279872581694, 1917, 1, 10, 'assistant', 'llama3', 12, '404 Not Found from POST http://127.0.0.1:11434/api/chat', b'0', '1', '2024-05-22 09:58:05', NULL, '2024-07-05 01:30:39', b'1', 1), (1921, 1781604279872581694, NULL, 1, 10, 'user', 'llama3', 12, '你是 ollama3 么？', b'0', '1', '2024-05-22 09:58:07', '1', '2024-07-05 01:30:39', b'1', 1), (1922, 1781604279872581694, NULL, 1, 10, 'user', 'llama3', 12, '你好呀', b'0', '1', '2024-05-22 09:58:07', '1', '2024-07-05 01:30:39', b'1', 1), (1923, 1781604279872581694, 1922, 1, 10, 'assistant', 'llama3', 12, '404 Not Found from POST http://127.0.0.1:11434/api/chat', b'0', '1', '2024-05-22 09:58:07', NULL, '2024-07-05 01:30:39', b'1', 1), (1924, 1781604279872581694, 1921, 1, 10, 'assistant', 'llama3', 12, '404 Not Found from POST http://127.0.0.1:11434/api/chat', b'0', '1', '2024-05-22 09:58:07', NULL, '2024-07-05 01:30:39', b'1', 1), (1925, 1781604279872581694, NULL, 1, 10, 'user', 'llama3', 12, '你是 ollama3 么？', b'0', '1', '2024-05-22 09:58:08', '1', '2024-07-05 01:30:39', b'1', 1), (1926, 1781604279872581694, NULL, 1, 10, 'user', 'llama3', 12, '你好呀', b'0', '1', '2024-05-22 09:58:08', '1', '2024-07-05 01:30:39', b'1', 1), (1927, 1781604279872581694, 1925, 1, 10, 'assistant', 'llama3', 12, '404 Not Found from POST http://127.0.0.1:11434/api/chat', b'0', '1', '2024-05-22 09:58:08', NULL, '2024-07-05 01:30:39', b'1', 1), (1928, 1781604279872581694, 1926, 1, 10, 'assistant', 'llama3', 12, '404 Not Found from POST http://127.0.0.1:11434/api/chat', b'0', '1', '2024-05-22 09:58:08', NULL, '2024-07-05 01:30:39', b'1', 1), (1929, 1781604279872581694, NULL, 1, 10, 'user', 'llama3', 12, '你好呀', b'0', '1', '2024-05-22 09:58:09', '1', '2024-07-05 01:30:39', b'1', 1), (1930, 1781604279872581694, NULL, 1, 10, 'user', 'llama3', 12, '你是 ollama3 么？', b'0', '1', '2024-05-22 09:58:09', '1', '2024-07-05 01:30:39', b'1', 1), (1931, 1781604279872581694, 1929, 1, 10, 'assistant', 'llama3', 12, '404 Not Found from POST http://127.0.0.1:11434/api/chat', b'0', '1', '2024-05-22 09:58:09', NULL, '2024-07-05 01:30:39', b'1', 1), (1932, 1781604279872581694, 1930, 1, 10, 'assistant', 'llama3', 12, '404 Not Found from POST http://127.0.0.1:11434/api/chat', b'0', '1', '2024-05-22 09:58:09', NULL, '2024-07-05 01:30:39', b'1', 1), (1933, 1781604279872581694, NULL, 1, 10, 'user', 'llama3', 12, '你好呀', b'0', '1', '2024-05-22 09:58:10', '1', '2024-07-05 01:30:39', b'1', 1), (1934, 1781604279872581694, NULL, 1, 10, 'user', 'llama3', 12, '你是 ollama3 么？', b'0', '1', '2024-05-22 09:58:10', '1', '2024-07-05 01:30:39', b'1', 1), (1935, 1781604279872581694, 1933, 1, 10, 'assistant', 'llama3', 12, '404 Not Found from POST http://127.0.0.1:11434/api/chat', b'0', '1', '2024-05-22 09:58:10', NULL, '2024-07-05 01:30:39', b'1', 1), (1936, 1781604279872581694, 1934, 1, 10, 'assistant', 'llama3', 12, '404 Not Found from POST http://127.0.0.1:11434/api/chat', b'0', '1', '2024-05-22 09:58:10', NULL, '2024-07-05 01:30:39', b'1', 1), (1937, 1781604279872581694, NULL, 1, 10, 'user', 'llama3', 12, '你是 ollama3 么？', b'0', '1', '2024-05-22 09:58:11', '1', '2024-07-05 01:30:39', b'1', 1), (1938, 1781604279872581694, NULL, 1, 10, 'user', 'llama3', 12, '你好呀', b'0', '1', '2024-05-22 09:58:11', '1', '2024-07-05 01:30:39', b'1', 1), (1939, 1781604279872581694, 1937, 1, 10, 'assistant', 'llama3', 12, '404 Not Found from POST http://127.0.0.1:11434/api/chat', b'0', '1', '2024-05-22 09:58:11', NULL, '2024-07-05 01:30:39', b'1', 1), (1940, 1781604279872581694, 1938, 1, 10, 'assistant', 'llama3', 12, '404 Not Found from POST http://127.0.0.1:11434/api/chat', b'0', '1', '2024-05-22 09:58:11', NULL, '2024-07-05 01:30:39', b'1', 1), (1941, 1781604279872581694, NULL, 1, 10, 'user', 'llama3', 12, '你是 ollama3 么？', b'0', '1', '2024-05-22 09:58:12', '1', '2024-07-05 01:30:39', b'1', 1), (1942, 1781604279872581694, NULL, 1, 10, 'user', 'llama3', 12, '你好呀', b'0', '1', '2024-05-22 09:58:12', '1', '2024-07-05 01:30:39', b'1', 1), (1943, 1781604279872581694, 1941, 1, 10, 'assistant', 'llama3', 12, '404 Not Found from POST http://127.0.0.1:11434/api/chat', b'0', '1', '2024-05-22 09:58:12', NULL, '2024-07-05 01:30:39', b'1', 1), (1944, 1781604279872581694, 1942, 1, 10, 'assistant', 'llama3', 12, '404 Not Found from POST http://127.0.0.1:11434/api/chat', b'0', '1', '2024-05-22 09:58:12', NULL, '2024-07-05 01:30:39', b'1', 1), (1945, 1781604279872581694, NULL, 1, 10, 'user', 'llama3', 12, '你是 ollama3 么？', b'0', '1', '2024-05-22 09:58:13', '1', '2024-07-05 01:30:39', b'1', 1), (1946, 1781604279872581694, NULL, 1, 10, 'user', 'llama3', 12, '你好呀', b'0', '1', '2024-05-22 09:58:13', '1', '2024-07-05 01:30:39', b'1', 1), (1947, 1781604279872581694, 1945, 1, 10, 'assistant', 'llama3', 12, '404 Not Found from POST http://127.0.0.1:11434/api/chat', b'0', '1', '2024-05-22 09:58:13', NULL, '2024-07-05 01:30:39', b'1', 1), (1948, 1781604279872581694, 1946, 1, 10, 'assistant', 'llama3', 12, '404 Not Found from POST http://127.0.0.1:11434/api/chat', b'0', '1', '2024-05-22 09:58:13', NULL, '2024-07-05 01:30:39', b'1', 1), (1949, 1781604279872581694, NULL, 1, 10, 'user', 'llama3', 12, '你好呀', b'0', '1', '2024-05-22 09:58:14', '1', '2024-07-05 01:30:39', b'1', 1), (1950, 1781604279872581694, NULL, 1, 10, 'user', 'llama3', 12, '你是 ollama3 么？', b'0', '1', '2024-05-22 09:58:14', '1', '2024-07-05 01:30:39', b'1', 1), (1951, 1781604279872581694, 1949, 1, 10, 'assistant', 'llama3', 12, '404 Not Found from POST http://127.0.0.1:11434/api/chat', b'0', '1', '2024-05-22 09:58:14', NULL, '2024-07-05 01:30:39', b'1', 1), (1952, 1781604279872581694, 1950, 1, 10, 'assistant', 'llama3', 12, '404 Not Found from POST http://127.0.0.1:11434/api/chat', b'0', '1', '2024-05-22 09:58:14', NULL, '2024-07-05 01:30:39', b'1', 1), (1953, 1781604279872581694, NULL, 1, 10, 'user', 'llama3', 12, '你好呀', b'0', '1', '2024-05-22 09:58:15', '1', '2024-07-05 01:30:39', b'1', 1), (1954, 1781604279872581694, NULL, 1, 10, 'user', 'llama3', 12, '你是 ollama3 么？', b'0', '1', '2024-05-22 09:58:15', '1', '2024-07-05 01:30:39', b'1', 1), (1955, 1781604279872581694, 1953, 1, 10, 'assistant', 'llama3', 12, '404 Not Found from POST http://127.0.0.1:11434/api/chat', b'0', '1', '2024-05-22 09:58:15', NULL, '2024-07-05 01:30:39', b'1', 1), (1956, 1781604279872581694, 1954, 1, 10, 'assistant', 'llama3', 12, '404 Not Found from POST http://127.0.0.1:11434/api/chat', b'0', '1', '2024-05-22 09:58:15', NULL, '2024-07-05 01:30:39', b'1', 1), (1957, 1781604279872581694, NULL, 1, 10, 'user', 'llama3', 12, '你是 ollama3 么？', b'0', '1', '2024-05-22 09:58:16', '1', '2024-07-05 01:30:39', b'1', 1), (1958, 1781604279872581694, NULL, 1, 10, 'user', 'llama3', 12, '你好呀', b'0', '1', '2024-05-22 09:58:16', '1', '2024-07-05 01:30:39', b'1', 1), (1959, 1781604279872581694, 1957, 1, 10, 'assistant', 'llama3', 12, '404 Not Found from POST http://127.0.0.1:11434/api/chat', b'0', '1', '2024-05-22 09:58:16', NULL, '2024-07-05 01:30:39', b'1', 1), (1960, 1781604279872581694, 1958, 1, 10, 'assistant', 'llama3', 12, '404 Not Found from POST http://127.0.0.1:11434/api/chat', b'0', '1', '2024-05-22 09:58:16', NULL, '2024-07-05 01:30:39', b'1', 1), (1961, 1781604279872581694, NULL, 1, 10, 'user', 'llama3', 12, '你好呀', b'0', '1', '2024-05-22 09:58:17', '1', '2024-07-05 01:30:39', b'1', 1), (1962, 1781604279872581694, NULL, 1, 10, 'user', 'llama3', 12, '你是 ollama3 么？', b'0', '1', '2024-05-22 09:58:17', '1', '2024-07-05 01:30:39', b'1', 1), (1963, 1781604279872581694, 1962, 1, 10, 'assistant', 'llama3', 12, '404 Not Found from POST http://127.0.0.1:11434/api/chat', b'0', '1', '2024-05-22 09:58:17', NULL, '2024-07-05 01:30:39', b'1', 1), (1964, 1781604279872581694, 1961, 1, 10, 'assistant', 'llama3', 12, '404 Not Found from POST http://127.0.0.1:11434/api/chat', b'0', '1', '2024-05-22 09:58:17', NULL, '2024-07-05 01:30:39', b'1', 1), (1965, 1781604279872581694, NULL, 1, 10, 'user', 'llama3', 12, '你是 ollama3 么？', b'0', '1', '2024-05-22 09:58:18', '1', '2024-07-05 01:30:39', b'1', 1), (1966, 1781604279872581694, NULL, 1, 10, 'user', 'llama3', 12, '你好呀', b'0', '1', '2024-05-22 09:58:18', '1', '2024-07-05 01:30:39', b'1', 1), (1967, 1781604279872581694, 1965, 1, 10, 'assistant', 'llama3', 12, '404 Not Found from POST http://127.0.0.1:11434/api/chat', b'0', '1', '2024-05-22 09:58:18', NULL, '2024-07-05 01:30:39', b'1', 1), (1968, 1781604279872581694, 1966, 1, 10, 'assistant', 'llama3', 12, '404 Not Found from POST http://127.0.0.1:11434/api/chat', b'0', '1', '2024-05-22 09:58:18', NULL, '2024-07-05 01:30:39', b'1', 1), (1969, 1781604279872581694, NULL, 1, 10, 'user', 'llama3', 12, '你是 ollama3 么？', b'0', '1', '2024-05-22 09:58:19', '1', '2024-07-05 01:30:39', b'1', 1), (1970, 1781604279872581694, NULL, 1, 10, 'user', 'llama3', 12, '你好呀', b'0', '1', '2024-05-22 09:58:19', '1', '2024-07-05 01:30:39', b'1', 1), (1971, 1781604279872581694, 1969, 1, 10, 'assistant', 'llama3', 12, '404 Not Found from POST http://127.0.0.1:11434/api/chat', b'0', '1', '2024-05-22 09:58:19', NULL, '2024-07-05 01:30:39', b'1', 1), (1972, 1781604279872581694, 1970, 1, 10, 'assistant', 'llama3', 12, '404 Not Found from POST http://127.0.0.1:11434/api/chat', b'0', '1', '2024-05-22 09:58:19', NULL, '2024-07-05 01:30:39', b'1', 1), (1973, 1781604279872581694, NULL, 1, 10, 'user', 'llama3', 12, '你是 ollama3 么？', b'0', '1', '2024-05-22 09:58:20', '1', '2024-07-05 01:30:39', b'1', 1), (1974, 1781604279872581694, NULL, 1, 10, 'user', 'llama3', 12, '你好呀', b'0', '1', '2024-05-22 09:58:20', '1', '2024-07-05 01:30:39', b'1', 1), (1975, 1781604279872581694, 1973, 1, 10, 'assistant', 'llama3', 12, '404 Not Found from POST http://127.0.0.1:11434/api/chat', b'0', '1', '2024-05-22 09:58:20', NULL, '2024-07-05 01:30:39', b'1', 1), (1976, 1781604279872581694, 1974, 1, 10, 'assistant', 'llama3', 12, '404 Not Found from POST http://127.0.0.1:11434/api/chat', b'0', '1', '2024-05-22 09:58:20', NULL, '2024-07-05 01:30:39', b'1', 1), (1977, 1781604279872581694, NULL, 1, 10, 'user', 'llama3', 12, '你是 ollama3 么？', b'0', '1', '2024-05-22 09:58:21', '1', '2024-07-05 01:30:39', b'1', 1), (1978, 1781604279872581694, NULL, 1, 10, 'user', 'llama3', 12, '你好呀', b'0', '1', '2024-05-22 09:58:21', '1', '2024-07-05 01:30:39', b'1', 1), (1979, 1781604279872581694, 1978, 1, 10, 'assistant', 'llama3', 12, '404 Not Found from POST http://127.0.0.1:11434/api/chat', b'0', '1', '2024-05-22 09:58:21', NULL, '2024-07-05 01:30:39', b'1', 1), (1980, 1781604279872581694, 1977, 1, 10, 'assistant', 'llama3', 12, '404 Not Found from POST http://127.0.0.1:11434/api/chat', b'0', '1', '2024-05-22 09:58:21', NULL, '2024-07-05 01:30:39', b'1', 1), (1981, 1781604279872581694, NULL, 1, 10, 'user', 'llama3', 12, '你好呀', b'0', '1', '2024-05-22 09:58:22', '1', '2024-07-05 01:30:39', b'1', 1), (1982, 1781604279872581694, NULL, 1, 10, 'user', 'llama3', 12, '你是 ollama3 么？', b'0', '1', '2024-05-22 09:58:22', '1', '2024-07-05 01:30:39', b'1', 1), (1983, 1781604279872581694, 1982, 1, 10, 'assistant', 'llama3', 12, '404 Not Found from POST http://127.0.0.1:11434/api/chat', b'0', '1', '2024-05-22 09:58:22', NULL, '2024-07-05 01:30:39', b'1', 1), (1984, 1781604279872581694, 1981, 1, 10, 'assistant', 'llama3', 12, '404 Not Found from POST http://127.0.0.1:11434/api/chat', b'0', '1', '2024-05-22 09:58:22', NULL, '2024-07-05 01:30:39', b'1', 1), (1985, 1781604279872581694, NULL, 1, 10, 'user', 'llama3', 12, '你好呀', b'0', '1', '2024-05-22 09:58:23', '1', '2024-07-05 01:30:39', b'1', 1), (1986, 1781604279872581694, NULL, 1, 10, 'user', 'llama3', 12, '你是 ollama3 么？', b'0', '1', '2024-05-22 09:58:23', '1', '2024-07-05 01:30:39', b'1', 1), (1987, 1781604279872581694, 1986, 1, 10, 'assistant', 'llama3', 12, '404 Not Found from POST http://127.0.0.1:11434/api/chat', b'0', '1', '2024-05-22 09:58:23', NULL, '2024-07-05 01:30:39', b'1', 1), (1988, 1781604279872581694, 1985, 1, 10, 'assistant', 'llama3', 12, '404 Not Found from POST http://127.0.0.1:11434/api/chat', b'0', '1', '2024-05-22 09:58:23', NULL, '2024-07-05 01:30:39', b'1', 1), (1989, 1781604279872581694, NULL, 1, 10, 'user', 'llama3', 12, '你是 ollama3 么？', b'0', '1', '2024-05-22 09:58:24', '1', '2024-07-05 01:30:39', b'1', 1), (1990, 1781604279872581694, NULL, 1, 10, 'user', 'llama3', 12, '你好呀', b'0', '1', '2024-05-22 09:58:24', '1', '2024-07-05 01:30:39', b'1', 1), (1991, 1781604279872581694, 1990, 1, 10, 'assistant', 'llama3', 12, '404 Not Found from POST http://127.0.0.1:11434/api/chat', b'0', '1', '2024-05-22 09:58:24', NULL, '2024-07-05 01:30:39', b'1', 1), (1992, 1781604279872581694, 1989, 1, 10, 'assistant', 'llama3', 12, '404 Not Found from POST http://127.0.0.1:11434/api/chat', b'0', '1', '2024-05-22 09:58:24', NULL, '2024-07-05 01:30:39', b'1', 1), (1993, 1781604279872581694, NULL, 1, 10, 'user', 'llama3', 12, '你是 ollama3 么？', b'0', '1', '2024-05-22 09:58:25', '1', '2024-07-05 01:30:39', b'1', 1), (1994, 1781604279872581694, NULL, 1, 10, 'user', 'llama3', 12, '你好呀', b'0', '1', '2024-05-22 09:58:25', '1', '2024-07-05 01:30:39', b'1', 1), (1995, 1781604279872581694, 1993, 1, 10, 'assistant', 'llama3', 12, '404 Not Found from POST http://127.0.0.1:11434/api/chat', b'0', '1', '2024-05-22 09:58:25', NULL, '2024-07-05 01:30:39', b'1', 1), (1996, 1781604279872581694, 1994, 1, 10, 'assistant', 'llama3', 12, '404 Not Found from POST http://127.0.0.1:11434/api/chat', b'0', '1', '2024-05-22 09:58:25', NULL, '2024-07-05 01:30:39', b'1', 1), (1997, 1781604279872581694, NULL, 1, 10, 'user', 'llama3', 12, '你是 ollama3 么？', b'0', '1', '2024-05-22 09:58:26', '1', '2024-07-05 01:30:39', b'1', 1), (1998, 1781604279872581694, NULL, 1, 10, 'user', 'llama3', 12, '你好呀', b'0', '1', '2024-05-22 09:58:26', '1', '2024-07-05 01:30:39', b'1', 1), (1999, 1781604279872581694, 1997, 1, 10, 'assistant', 'llama3', 12, '404 Not Found from POST http://127.0.0.1:11434/api/chat', b'0', '1', '2024-05-22 09:58:26', NULL, '2024-07-05 01:30:39', b'1', 1), (2000, 1781604279872581694, 1998, 1, 10, 'assistant', 'llama3', 12, '404 Not Found from POST http://127.0.0.1:11434/api/chat', b'0', '1', '2024-05-22 09:58:26', NULL, '2024-07-05 01:30:39', b'1', 1), (2001, 1781604279872581694, NULL, 1, 10, 'user', 'llama3', 12, '你好呀', b'0', '1', '2024-05-22 09:58:27', '1', '2024-07-05 01:30:39', b'1', 1), (2002, 1781604279872581694, NULL, 1, 10, 'user', 'llama3', 12, '你是 ollama3 么？', b'0', '1', '2024-05-22 09:58:27', '1', '2024-07-05 01:30:39', b'1', 1), (2003, 1781604279872581694, 2001, 1, 10, 'assistant', 'llama3', 12, '404 Not Found from POST http://127.0.0.1:11434/api/chat', b'0', '1', '2024-05-22 09:58:27', NULL, '2024-07-05 01:30:39', b'1', 1), (2004, 1781604279872581694, 2002, 1, 10, 'assistant', 'llama3', 12, '404 Not Found from POST http://127.0.0.1:11434/api/chat', b'0', '1', '2024-05-22 09:58:27', NULL, '2024-07-05 01:30:39', b'1', 1), (2005, 1781604279872581694, NULL, 1, 10, 'user', 'llama3', 12, '你是 ollama3 么？', b'0', '1', '2024-05-22 09:58:28', '1', '2024-07-05 01:30:39', b'1', 1), (2006, 1781604279872581694, NULL, 1, 10, 'user', 'llama3', 12, '你好呀', b'0', '1', '2024-05-22 09:58:28', '1', '2024-07-05 01:30:39', b'1', 1), (2007, 1781604279872581694, 2005, 1, 10, 'assistant', 'llama3', 12, '404 Not Found from POST http://127.0.0.1:11434/api/chat', b'0', '1', '2024-05-22 09:58:28', NULL, '2024-07-05 01:30:39', b'1', 1), (2008, 1781604279872581694, 2006, 1, 10, 'assistant', 'llama3', 12, '404 Not Found from POST http://127.0.0.1:11434/api/chat', b'0', '1', '2024-05-22 09:58:28', NULL, '2024-07-05 01:30:39', b'1', 1), (2009, 1781604279872581694, NULL, 1, 10, 'user', 'llama3', 12, '你好呀', b'0', '1', '2024-05-22 09:58:29', '1', '2024-07-05 01:30:39', b'1', 1), (2010, 1781604279872581694, 2009, 1, 10, 'assistant', 'llama3', 12, '404 Not Found from POST http://127.0.0.1:11434/api/chat', b'0', '1', '2024-05-22 09:58:29', NULL, '2024-07-05 01:30:39', b'1', 1), (2011, 1781604279872581694, NULL, 1, 10, 'user', 'llama3', 12, '你是 ollama3 么？', b'0', '1', '2024-05-22 09:58:29', '1', '2024-07-05 01:30:39', b'1', 1), (2012, 1781604279872581694, 2011, 1, 10, 'assistant', 'llama3', 12, '404 Not Found from POST http://127.0.0.1:11434/api/chat', b'0', '1', '2024-05-22 09:58:29', NULL, '2024-07-05 01:30:39', b'1', 1), (2013, 1781604279872581694, NULL, 1, 10, 'user', 'llama3', 12, '你好呀', b'0', '1', '2024-05-22 09:58:31', '1', '2024-07-05 01:30:39', b'1', 1), (2014, 1781604279872581694, NULL, 1, 10, 'user', 'llama3', 12, '你是 ollama3 么？', b'0', '1', '2024-05-22 09:58:31', '1', '2024-07-05 01:30:39', b'1', 1), (2015, 1781604279872581694, 2013, 1, 10, 'assistant', 'llama3', 12, '404 Not Found from POST http://127.0.0.1:11434/api/chat', b'0', '1', '2024-05-22 09:58:31', NULL, '2024-07-05 01:30:39', b'1', 1), (2016, 1781604279872581694, 2014, 1, 10, 'assistant', 'llama3', 12, '404 Not Found from POST http://127.0.0.1:11434/api/chat', b'0', '1', '2024-05-22 09:58:31', NULL, '2024-07-05 01:30:39', b'1', 1), (2017, 1781604279872581694, NULL, 1, 10, 'user', 'llama3', 12, '你好呀', b'0', '1', '2024-05-22 09:58:32', '1', '2024-07-05 01:30:39', b'1', 1), (2018, 1781604279872581694, NULL, 1, 10, 'user', 'llama3', 12, '你是 ollama3 么？', b'0', '1', '2024-05-22 09:58:32', '1', '2024-07-05 01:30:39', b'1', 1), (2019, 1781604279872581694, 2018, 1, 10, 'assistant', 'llama3', 12, '404 Not Found from POST http://127.0.0.1:11434/api/chat', b'0', '1', '2024-05-22 09:58:32', NULL, '2024-07-05 01:30:39', b'1', 1), (2020, 1781604279872581694, 2017, 1, 10, 'assistant', 'llama3', 12, '404 Not Found from POST http://127.0.0.1:11434/api/chat', b'0', '1', '2024-05-22 09:58:32', NULL, '2024-07-05 01:30:39', b'1', 1), (2021, 1781604279872581694, NULL, 1, 10, 'user', 'llama3', 12, '你是 ollama3 么？', b'0', '1', '2024-05-22 09:58:33', '1', '2024-07-05 01:30:39', b'1', 1), (2022, 1781604279872581694, NULL, 1, 10, 'user', 'llama3', 12, '你好呀', b'0', '1', '2024-05-22 09:58:33', '1', '2024-07-05 01:30:39', b'1', 1), (2023, 1781604279872581694, 2021, 1, 10, 'assistant', 'llama3', 12, '404 Not Found from POST http://127.0.0.1:11434/api/chat', b'0', '1', '2024-05-22 09:58:33', NULL, '2024-07-05 01:30:39', b'1', 1), (2024, 1781604279872581694, 2022, 1, 10, 'assistant', 'llama3', 12, '404 Not Found from POST http://127.0.0.1:11434/api/chat', b'0', '1', '2024-05-22 09:58:33', NULL, '2024-07-05 01:30:39', b'1', 1), (2025, 1781604279872581694, NULL, 1, 10, 'user', 'llama3', 12, '你好呀', b'0', '1', '2024-05-22 09:58:34', '1', '2024-07-05 01:30:39', b'1', 1), (2026, 1781604279872581694, NULL, 1, 10, 'user', 'llama3', 12, '你是 ollama3 么？', b'0', '1', '2024-05-22 09:58:34', '1', '2024-07-05 01:30:39', b'1', 1), (2027, 1781604279872581694, 2026, 1, 10, 'assistant', 'llama3', 12, '404 Not Found from POST http://127.0.0.1:11434/api/chat', b'0', '1', '2024-05-22 09:58:34', NULL, '2024-07-05 01:30:39', b'1', 1), (2028, 1781604279872581694, 2025, 1, 10, 'assistant', 'llama3', 12, '404 Not Found from POST http://127.0.0.1:11434/api/chat', b'0', '1', '2024-05-22 09:58:34', NULL, '2024-07-05 01:30:39', b'1', 1), (2029, 1781604279872581694, NULL, 1, 10, 'user', 'llama3', 12, '你是 ollama3 么？', b'0', '1', '2024-05-22 09:58:35', '1', '2024-07-05 01:30:39', b'1', 1), (2030, 1781604279872581694, NULL, 1, 10, 'user', 'llama3', 12, '你好呀', b'0', '1', '2024-05-22 09:58:35', '1', '2024-07-05 01:30:39', b'1', 1), (2031, 1781604279872581694, 2029, 1, 10, 'assistant', 'llama3', 12, '404 Not Found from POST http://127.0.0.1:11434/api/chat', b'0', '1', '2024-05-22 09:58:35', NULL, '2024-07-05 01:30:39', b'1', 1), (2032, 1781604279872581694, 2030, 1, 10, 'assistant', 'llama3', 12, '404 Not Found from POST http://127.0.0.1:11434/api/chat', b'0', '1', '2024-05-22 09:58:35', NULL, '2024-07-05 01:30:39', b'1', 1), (2033, 1781604279872581694, NULL, 1, 10, 'user', 'llama3', 12, '你是 ollama3 么？', b'0', '1', '2024-05-22 09:58:36', '1', '2024-07-05 01:30:39', b'1', 1), (2034, 1781604279872581694, NULL, 1, 10, 'user', 'llama3', 12, '你好呀', b'0', '1', '2024-05-22 09:58:36', '1', '2024-07-05 01:30:39', b'1', 1), (2035, 1781604279872581694, 2033, 1, 10, 'assistant', 'llama3', 12, '404 Not Found from POST http://127.0.0.1:11434/api/chat', b'0', '1', '2024-05-22 09:58:36', NULL, '2024-07-05 01:30:39', b'1', 1), (2036, 1781604279872581694, 2034, 1, 10, 'assistant', 'llama3', 12, '404 Not Found from POST http://127.0.0.1:11434/api/chat', b'0', '1', '2024-05-22 09:58:36', NULL, '2024-07-05 01:30:39', b'1', 1), (2037, 1781604279872581694, NULL, 1, 10, 'user', 'llama3', 12, '你是 ollama3 么？', b'0', '1', '2024-05-22 09:58:37', '1', '2024-07-05 01:30:39', b'1', 1), (2038, 1781604279872581694, NULL, 1, 10, 'user', 'llama3', 12, '你好呀', b'0', '1', '2024-05-22 09:58:37', '1', '2024-07-05 01:30:39', b'1', 1), (2039, 1781604279872581694, 2037, 1, 10, 'assistant', 'llama3', 12, '404 Not Found from POST http://127.0.0.1:11434/api/chat', b'0', '1', '2024-05-22 09:58:37', NULL, '2024-07-05 01:30:39', b'1', 1), (2040, 1781604279872581694, 2038, 1, 10, 'assistant', 'llama3', 12, '404 Not Found from POST http://127.0.0.1:11434/api/chat', b'0', '1', '2024-05-22 09:58:37', NULL, '2024-07-05 01:30:39', b'1', 1), (2041, 1781604279872581694, NULL, 1, 10, 'user', 'llama3', 12, '你是 ollama3 么？', b'0', '1', '2024-05-22 10:18:36', '1', '2024-07-05 01:30:39', b'1', 1), (2042, 1781604279872581694, NULL, 1, 10, 'user', 'llama3', 12, '你好呀', b'0', '1', '2024-05-22 10:18:36', '1', '2024-07-05 01:30:39', b'1', 1), (2043, 1781604279872581694, 2041, 1, 10, 'assistant', 'llama3', 12, '😊 Ah, Ah! I am OLLAMA3! 🤖 Nice to meet you', b'0', '1', '2024-05-22 10:18:36', NULL, '2024-07-05 01:30:39', b'1', 1), (2044, 1781604279872581694, 2042, 1, 10, 'assistant', 'llama3', 12, '😊 你好呀！很高兴见到你！我是一名AI智能助手', b'0', '1', '2024-05-22 10:18:36', NULL, '2024-07-05 01:30:39', b'1', 1), (2045, 1781604279872581694, NULL, 1, 10, 'user', 'llama3', 12, '你好呀', b'0', '1', '2024-05-22 10:19:25', '1', '2024-07-05 01:30:39', b'1', 1), (2046, 1781604279872581694, 2045, 1, 10, 'assistant', 'llama3', 12, '😊你好呀！nice to meet you too! 😊 How can I help you today', b'0', '1', '2024-05-22 10:19:25', NULL, '2024-07-05 01:30:39', b'1', 1), (2047, 1781604279872581694, NULL, 1, 10, 'user', 'llama3', 12, '你是 OLLAMA3 么？', b'0', '1', '2024-05-22 10:19:33', '1', '2024-07-05 01:30:39', b'1', 1), (2048, 1781604279872581694, 2047, 1, 10, 'assistant', 'llama3', 12, 'You\'re a fan of Olle Lönnaeus\' work, are you? 😊 I', b'0', '1', '2024-05-22 10:19:33', NULL, '2024-07-05 01:30:39', b'1', 1), (2049, 1781604279872581694, NULL, 1, 10, 'user', 'llama3', 12, '1+2+？？？', b'0', '1', '2024-05-22 10:20:34', '1', '2024-07-05 01:30:39', b'1', 1), (2050, 1781604279872581694, 2049, 1, 10, 'assistant', 'llama3', 12, 'It looks', b'0', '1', '2024-05-22 10:20:34', NULL, '2024-07-05 01:30:39', b'1', 1), (2051, 1781604279872581695, NULL, 1, 10, 'user', 'gpt-3.5-turbo', 11, '你好', b'0', '1', '2024-05-22 10:46:42', '1', '2024-07-05 01:30:39', b'0', 1), (2052, 1781604279872581695, 2051, 1, 10, 'assistant', 'gpt-3.5-turbo', 11, '你好！有什么我可以帮助你的吗？', b'0', '1', '2024-05-22 10:46:42', NULL, '2024-07-05 01:30:39', b'0', 1), (2053, 1781604279872581694, NULL, 1, 10, 'user', 'llama3', 12, '测试一下', b'0', '1', '2024-05-22 10:46:57', '1', '2024-07-05 01:30:39', b'1', 1), (2054, 1781604279872581694, 2053, 1, 10, 'assistant', 'llama3', 12, '测试成功', b'0', '1', '2024-05-22 10:46:57', NULL, '2024-07-05 01:30:39', b'1', 1), (2055, 1781604279872581694, NULL, 1, 10, 'user', 'llama3', 12, '呵呵', b'0', '1', '2024-05-22 10:47:08', '1', '2024-07-05 01:30:39', b'1', 1), (2056, 1781604279872581694, 2055, 1, 10, 'assistant', 'llama3', 12, '哈哈', b'0', '1', '2024-05-22 10:47:08', NULL, '2024-07-05 01:30:39', b'1', 1), (2057, 1781604279872581694, NULL, 1, 10, 'user', 'llama3', 12, '速度怎么样？', b'0', '1', '2024-05-22 10:47:19', '1', '2024-07-05 01:30:39', b'1', 1), (2058, 1781604279872581694, 2057, 1, 10, 'assistant', 'llama3', 12, '😄', b'0', '1', '2024-05-22 10:47:19', NULL, '2024-07-05 01:30:39', b'1', 1), (2059, 1781604279872581692, NULL, 1, 10, 'user', 'gpt-3.5-turbo', 11, '你好呀', b'1', '1', '2024-05-23 20:39:43', '1', '2024-07-05 01:30:39', b'0', 1), (2060, 1781604279872581692, 2059, 1, 10, 'assistant', 'gpt-3.5-turbo', 11, '您好！有什么我可以帮助到您的吗？', b'1', '1', '2024-05-23 20:39:43', NULL, '2024-07-05 01:30:39', b'0', 1), (2061, 1781604279872581692, NULL, 1, 10, 'user', 'gpt-3.5-turbo', 11, '我就是问问', b'0', '1', '2024-05-23 20:40:05', '1', '2024-07-05 01:30:39', b'0', 1), (2062, 1781604279872581692, 2061, 1, 10, 'assistant', 'gpt-3.5-turbo', 11, '好的，有什么问题我可以帮您解答或是需要', b'0', '1', '2024-05-23 20:40:05', NULL, '2024-07-05 01:30:39', b'0', 1), (2063, 1781604279872581692, NULL, 1, 10, 'user', 'gpt-3.5-turbo', 11, '是的呢', b'1', '1', '2024-05-23 20:40:12', '1', '2024-07-05 01:30:39', b'0', 1), (2064, 1781604279872581692, 2063, 1, 10, 'assistant', 'gpt-3.5-turbo', 11, '好的，请问有什么我可以为您解答的问题吗？', b'1', '1', '2024-05-23 20:40:12', NULL, '2024-07-05 01:30:39', b'0', 1), (2065, 1781604279872581694, NULL, 1, 10, 'user', 'llama3', 12, '213213131232132131呵呵呵', b'1', '1', '2024-05-23 20:42:15', '1', '2024-07-05 01:30:39', b'0', 1), (2066, 1781604279872581694, 2065, 1, 10, 'assistant', 'llama3', 12, '', b'1', '1', '2024-05-23 20:42:15', '1', '2024-07-05 01:30:39', b'0', 1), (2067, 1781604279872581698, NULL, 1, NULL, 'user', 'gpt-3.5-turbo', 11, '测试一下', b'1', '1', '2024-05-24 12:47:28', '1', '2024-07-05 01:30:39', b'0', 1), (2068, 1781604279872581698, 2067, 1, NULL, 'assistant', 'gpt-3.5-turbo', 11, '500 Internal Server Error from POST https://api.gptsapi.net/v1/chat/completions', b'1', '1', '2024-05-24 12:47:28', NULL, '2024-07-05 01:30:39', b'0', 1), (2069, 1781604279872581698, NULL, 1, NULL, 'user', 'gpt-3.5-turbo', 11, '测试一下哈', b'1', '1', '2024-05-24 12:47:34', '1', '2024-07-05 01:30:39', b'0', 1), (2070, 1781604279872581698, 2069, 1, NULL, 'assistant', 'gpt-3.5-turbo', 11, '500 Internal Server Error from POST https://api.gptsapi.net/v1/chat/completions', b'1', '1', '2024-05-24 12:47:34', NULL, '2024-07-05 01:30:39', b'0', 1), (2071, 1781604279872581698, NULL, 1, NULL, 'user', 'gpt-3.5-turbo', 11, '测试一下哈', b'1', '1', '2024-05-24 12:47:41', '1', '2024-07-05 01:30:39', b'0', 1), (2072, 1781604279872581698, 2071, 1, NULL, 'assistant', 'gpt-3.5-turbo', 11, '500 Internal Server Error from POST https://api.gptsapi.net/v1/chat/completions', b'1', '1', '2024-05-24 12:47:41', NULL, '2024-07-05 01:30:39', b'0', 1), (2073, 1781604279872581698, NULL, 1, NULL, 'user', 'gpt-3.5-turbo', 11, '测试一下哈', b'1', '1', '2024-05-24 12:47:47', '1', '2024-07-05 01:30:39', b'0', 1), (2074, 1781604279872581698, 2073, 1, NULL, 'assistant', 'gpt-3.5-turbo', 11, '500 Internal Server Error from POST https://api.gptsapi.net/v1/chat/completions', b'1', '1', '2024-05-24 12:47:47', NULL, '2024-07-05 01:30:39', b'0', 1), (2075, 1781604279872581696, NULL, 1, 10, 'user', 'gpt-3.5-turbo', 11, 'biubiubiu', b'1', '1', '2024-05-24 12:47:55', '1', '2024-07-05 01:30:39', b'0', 1), (2076, 1781604279872581696, 2075, 1, 10, 'assistant', 'gpt-3.5-turbo', 11, '您好！看起来您打了一些奇怪的字符，有', b'1', '1', '2024-05-24 12:47:55', NULL, '2024-07-05 01:30:39', b'0', 1), (2077, 1781604279872581699, NULL, 1, NULL, 'user', 'gpt-3.5-turbo', 11, '你好呀', b'1', '1', '2024-05-24 12:48:37', '1', '2024-07-05 01:30:39', b'0', 1), (2078, 1781604279872581699, 2077, 1, NULL, 'assistant', 'gpt-3.5-turbo', 11, '500 Internal Server Error from POST https://api.gptsapi.net/v1/chat/completions', b'1', '1', '2024-05-24 12:48:37', NULL, '2024-07-05 01:30:39', b'0', 1), (2079, 1781604279872581699, NULL, 1, NULL, 'user', 'gpt-3.5-turbo', 11, '你好呀', b'1', '1', '2024-05-24 12:48:44', '1', '2024-07-05 01:30:39', b'0', 1), (2080, 1781604279872581699, 2079, 1, NULL, 'assistant', 'gpt-3.5-turbo', 11, '500 Internal Server Error from POST https://api.gptsapi.net/v1/chat/completions', b'1', '1', '2024-05-24 12:48:44', NULL, '2024-07-05 01:30:39', b'0', 1), (2081, 1781604279872581699, NULL, 1, NULL, 'user', 'gpt-3.5-turbo', 11, '你好呀', b'1', '1', '2024-05-24 12:48:50', '1', '2024-07-05 01:30:39', b'0', 1), (2082, 1781604279872581699, 2081, 1, NULL, 'assistant', 'gpt-3.5-turbo', 11, '500 Internal Server Error from POST https://api.gptsapi.net/v1/chat/completions', b'1', '1', '2024-05-24 12:48:50', NULL, '2024-07-05 01:30:39', b'0', 1), (2083, 1781604279872581699, NULL, 1, NULL, 'user', 'gpt-3.5-turbo', 11, '你好呀', b'1', '1', '2024-05-24 12:48:56', '1', '2024-07-05 01:30:39', b'0', 1), (2084, 1781604279872581699, 2083, 1, NULL, 'assistant', 'gpt-3.5-turbo', 11, '500 Internal Server Error from POST https://api.gptsapi.net/v1/chat/completions', b'1', '1', '2024-05-24 12:48:56', NULL, '2024-07-05 01:30:39', b'0', 1), (2085, 1781604279872581699, NULL, 1, NULL, 'user', 'ERNIE 4.0', 10, '你好呀', b'1', '1', '2024-05-24 12:49:07', '1', '2024-07-05 01:30:39', b'0', 1), (2086, 1781604279872581699, 2085, 1, NULL, 'assistant', 'ERNIE 4.0', 10, '', b'1', '1', '2024-05-24 12:49:07', NULL, '2024-07-05 01:30:39', b'0', 1), (2087, 1781604279872581696, NULL, 1, 10, 'user', 'gpt-3.5-turbo', 11, '你好呀', b'1', '1', '2024-05-24 12:49:21', '1', '2024-07-05 01:30:39', b'0', 1), (2088, 1781604279872581696, 2087, 1, 10, 'assistant', 'gpt-3.5-turbo', 11, '您好！有什么我可以帮您的吗？', b'1', '1', '2024-05-24 12:49:21', NULL, '2024-07-05 01:30:39', b'0', 1), (2089, 1781604279872581699, NULL, 1, NULL, 'user', 'ERNIE 4.0', 10, '你好呀', b'1', '1', '2024-05-24 12:49:31', '1', '2024-07-05 01:30:39', b'0', 1), (2090, 1781604279872581699, 2089, 1, NULL, 'assistant', 'ERNIE 4.0', 10, '', b'1', '1', '2024-05-24 12:49:31', NULL, '2024-07-05 01:30:39', b'0', 1), (2091, 1781604279872581700, NULL, 1, NULL, 'user', 'gpt-3.5-turbo', 11, '你好呀？', b'1', '1', '2024-05-24 12:49:51', '1', '2024-07-05 01:30:39', b'0', 1), (2092, 1781604279872581700, 2091, 1, NULL, 'assistant', 'gpt-3.5-turbo', 11, '500 Internal Server Error from POST https://api.gptsapi.net/v1/chat/completions', b'1', '1', '2024-05-24 12:49:51', NULL, '2024-07-05 01:30:39', b'0', 1), (2093, 1781604279872581700, NULL, 1, NULL, 'user', 'gpt-3.5-turbo', 11, '你好呀？', b'1', '1', '2024-05-24 12:49:59', '1', '2024-07-05 01:30:39', b'0', 1), (2094, 1781604279872581700, 2093, 1, NULL, 'assistant', 'gpt-3.5-turbo', 11, '500 Internal Server Error from POST https://api.gptsapi.net/v1/chat/completions', b'1', '1', '2024-05-24 12:49:59', NULL, '2024-07-05 01:30:39', b'0', 1), (2095, 1781604279872581700, NULL, 1, NULL, 'user', 'gpt-3.5-turbo', 11, '你好呀？', b'1', '1', '2024-05-24 12:50:05', '1', '2024-07-05 01:30:39', b'0', 1), (2096, 1781604279872581700, 2095, 1, NULL, 'assistant', 'gpt-3.5-turbo', 11, '500 Internal Server Error from POST https://api.gptsapi.net/v1/chat/completions', b'1', '1', '2024-05-24 12:50:05', NULL, '2024-07-05 01:30:39', b'0', 1), (2097, 1781604279872581700, NULL, 1, NULL, 'user', 'ERNIE 4.0', 10, '你好呀？', b'1', '1', '2024-05-24 12:50:11', '1', '2024-07-05 01:30:39', b'0', 1), (2098, 1781604279872581700, 2097, 1, NULL, 'assistant', 'ERNIE 4.0', 10, '', b'1', '1', '2024-05-24 12:50:11', NULL, '2024-07-05 01:30:39', b'0', 1), (2099, 1781604279872581700, NULL, 1, NULL, 'user', 'ERNIE 4.0', 10, '你说呢？', b'1', '1', '2024-05-24 12:50:12', '1', '2024-07-05 01:30:39', b'0', 1), (2100, 1781604279872581700, 2099, 1, NULL, 'assistant', 'ERNIE 4.0', 10, '', b'1', '1', '2024-05-24 12:50:12', NULL, '2024-07-05 01:30:39', b'0', 1), (2101, 1781604279872581700, NULL, 1, NULL, 'user', 'ERNIE 4.0', 10, '说呀？！', b'1', '1', '2024-05-24 12:50:29', '1', '2024-07-05 01:30:39', b'0', 1), (2102, 1781604279872581700, 2101, 1, NULL, 'assistant', 'ERNIE 4.0', 10, '', b'1', '1', '2024-05-24 12:50:29', NULL, '2024-07-05 01:30:39', b'0', 1), (2103, 1781604279872581701, NULL, 1, NULL, 'user', 'ERNIE 4.0', 10, '你说说看？？？', b'1', '1', '2024-05-24 12:51:45', '1', '2024-07-05 01:30:39', b'0', 1), (2104, 1781604279872581701, 2103, 1, NULL, 'assistant', 'ERNIE 4.0', 10, '', b'1', '1', '2024-05-24 12:51:45', NULL, '2024-07-05 01:30:39', b'0', 1), (2105, 1781604279872581701, NULL, 1, NULL, 'user', 'ERNIE 4.0', 10, '？？？', b'1', '1', '2024-05-24 12:52:03', '1', '2024-07-05 01:30:39', b'0', 1), (2106, 1781604279872581701, 2105, 1, NULL, 'assistant', 'ERNIE 4.0', 10, '', b'1', '1', '2024-05-24 12:52:03', NULL, '2024-07-05 01:30:39', b'0', 1), (2107, 1781604279872581701, NULL, 1, NULL, 'user', 'ERNIE 4.0', 10, '你说呢？', b'1', '1', '2024-05-24 12:52:18', '1', '2024-07-05 01:30:39', b'0', 1), (2108, 1781604279872581701, 2107, 1, NULL, 'assistant', 'ERNIE 4.0', 10, '', b'1', '1', '2024-05-24 12:52:18', NULL, '2024-07-05 01:30:39', b'0', 1), (2109, 1781604279872581690, NULL, 1, 10, 'user', 'gpt-3.5-turbo', 11, '呃呃呃？', b'1', '1', '2024-05-24 12:52:48', '1', '2024-07-05 01:30:39', b'0', 1), (2110, 1781604279872581690, 2109, 1, 10, 'assistant', 'gpt-3.5-turbo', 11, '您好！有什么问题或者需要帮助的吗？我', b'1', '1', '2024-05-24 12:52:49', NULL, '2024-07-05 01:30:39', b'0', 1), (2111, 1781604279872581702, NULL, 1, NULL, 'user', 'gpt-3.5-turbo', 11, '测试一下消息？', b'1', '1', '2024-05-24 12:53:19', '1', '2024-07-05 01:30:39', b'0', 1), (2112, 1781604279872581702, 2111, 1, NULL, 'assistant', 'gpt-3.5-turbo', 11, '您好，我是AI助手。这是一条测试消息，您是否能', b'1', '1', '2024-05-24 12:53:19', NULL, '2024-07-05 01:30:39', b'0', 1), (2113, 1781604279872581704, NULL, 1, 10, 'user', 'gpt-3.5-turbo', 11, '123', b'1', '1', '2024-05-24 14:08:54', '1', '2024-07-05 01:30:39', b'0', 1), (2114, 1781604279872581704, 2113, 1, 10, 'assistant', 'gpt-3.5-turbo', 11, '您好！请问您有什么问题或需要什么帮助', b'1', '1', '2024-05-24 14:08:54', NULL, '2024-07-05 01:30:39', b'0', 1), (2115, 1781604279872581705, NULL, 1, 10, 'user', 'gpt-3.5-turbo', 11, '你好哈？', b'1', '1', '2024-05-24 14:22:24', '1', '2024-07-05 01:30:39', b'0', 1), (2116, 1781604279872581705, 2115, 1, 10, 'assistant', 'gpt-3.5-turbo', 11, '你好您好！有什么问题我可以帮助您解答', b'1', '1', '2024-05-24 14:22:24', NULL, '2024-07-05 01:30:39', b'0', 1), (2117, 1781604279872581706, NULL, 1, NULL, 'user', 'gpt-3.5-turbo', 11, '你好呀', b'1', '1', '2024-05-24 15:49:47', '1', '2024-07-05 01:30:39', b'1', 1), (2118, 1781604279872581706, 2117, 1, NULL, 'assistant', 'gpt-3.5-turbo', 11, '您好！有什么我可以帮助您的吗？', b'1', '1', '2024-05-24 15:49:47', NULL, '2024-07-05 01:30:39', b'0', 1), (2119, 1781604279872581702, NULL, 1, NULL, 'user', 'gpt-3.5-turbo', 11, '测试一下消息噢！！！', b'1', '1', '2024-05-24 15:50:09', '1', '2024-07-05 01:30:39', b'0', 1), (2120, 1781604279872581702, 2119, 1, NULL, 'assistant', 'gpt-3.5-turbo', 11, '收到，这是一条测试消息噢！！！感谢您的配', b'1', '1', '2024-05-24 15:50:09', NULL, '2024-07-05 01:30:39', b'0', 1), (2121, 1781604279872581702, NULL, 1, NULL, 'user', 'gpt-3.5-turbo', 11, '测试一下消息噢！！！', b'1', '1', '2024-05-24 15:50:43', '1', '2024-07-05 01:30:39', b'0', 1), (2122, 1781604279872581702, 2121, 1, NULL, 'assistant', 'gpt-3.5-turbo', 11, '收到，这是一条测试消息噢！！！请问有什么', b'1', '1', '2024-05-24 15:50:43', NULL, '2024-07-05 01:30:39', b'0', 1), (2123, 1781604279872581690, NULL, 1, 10, 'user', 'gpt-3.5-turbo', 11, '你好呀？', b'1', '1', '2024-05-24 20:57:31', '1', '2024-07-05 01:30:39', b'0', 1), (2124, 1781604279872581690, 2123, 1, 10, 'assistant', 'gpt-3.5-turbo', 11, '您好！有什么问题或者需要帮助的吗？我', b'1', '1', '2024-05-24 20:57:31', NULL, '2024-07-05 01:30:39', b'0', 1), (2125, 1781604279872581708, NULL, 1, 10, 'user', 'gpt-3.5-turbo', 11, '测试一下哈？', b'1', '1', '2024-05-24 20:58:19', '1', '2024-07-05 01:30:39', b'0', 1), (2126, 1781604279872581708, 2125, 1, 10, 'assistant', 'gpt-3.5-turbo', 11, '！当然可以您可以随时向我提问或分享您的想法', b'1', '1', '2024-05-24 20:58:19', NULL, '2024-07-05 01:30:39', b'0', 1), (2127, 1781604279872581710, NULL, 1, NULL, 'user', 'gpt-3.5-turbo', 11, '今天气怎么样?', b'1', '1', '2024-05-25 11:48:54', '1', '2024-07-05 01:30:39', b'0', 1), (2128, 1781604279872581710, 2127, 1, NULL, 'assistant', 'gpt-3.5-turbo', 11, '我很抱歉，作为人工智能，我无法获取', b'1', '1', '2024-05-25 11:48:54', NULL, '2024-07-05 01:30:39', b'0', 1), (2129, 1781604279872581709, NULL, 1, 11, 'user', 'llama3', 12, '帮我写一个 Java 算法题', b'1', '1', '2024-05-25 12:38:14', '1', '2024-07-05 01:30:39', b'0', 1), (2130, 1781604279872581709, 2129, 1, 11, 'assistant', 'llama3', 12, '', b'1', '1', '2024-05-25 12:38:14', '1', '2024-07-05 01:30:39', b'0', 1), (2131, 1781604279872581708, NULL, 1, 10, 'user', 'gpt-3.5-turbo', 11, '帮我写一个 Java 排序算法', b'1', '1', '2024-05-25 12:38:40', '1', '2024-07-05 01:30:39', b'0', 1), (2132, 1781604279872581708, 2131, 1, 10, 'assistant', 'gpt-3.5-turbo', 11, '当然可以！以下是一个简单的选择算的示例排序法：\n\n```java\npublic class SelectionSort {\n    public static void selectionSort(int[] arr) {\n        int n = arr.length;\n        for (int i = 0; i < n- i++) {\n1;            int minIndex = i;\n            for (int j = i+1; j < n; j++) {\n                if (arr[j] < arr[minIndex]) {\n                    minIndex = j;\n                }\n            }\n            int temp = arr[minIndex];\n            arr[minIndex] = arr[i];\n            arr[i] = temp;\n        }\n    }\n    \n    public static void main(String[] args int[] arr = {) {\n       64 ,22, 11};\n        selection 25, 12,Sort(arr);\n        System.out.println(\"Sorted array: \");\n        for (int i : arr) {\n            System.out.print(i + \" \");\n        }\n    }\n}\n\n```\n这段代码实现了法。选择排序算您可以将这段代码复制命令到一个名 的行中运行它SelectionSort.java为 ``文件中，并在，以查看排序后的结果。', b'1', '1', '2024-05-25 12:38:40', NULL, '2024-07-05 01:30:39', b'0', 1), (2133, 1781604279872581713, NULL, 1, NULL, 'user', 'generalv3.5', 13, '你好呀？', b'1', '1', '2024-05-25 13:17:45', '1', '2024-07-05 01:30:39', b'0', 1), (2134, 1781604279872581713, 2133, 1, NULL, 'assistant', 'generalv3.5', 13, '你好！有什么我能帮你的吗？', b'1', '1', '2024-05-25 13:17:45', NULL, '2024-07-05 01:30:39', b'0', 1), (2135, 1781604279872581713, NULL, 1, NULL, 'user', 'generalv3.5', 13, '你是什么模型？', b'1', '1', '2024-05-25 13:17:51', '1', '2024-07-05 01:30:39', b'0', 1), (2136, 1781604279872581713, 2135, 1, NULL, 'assistant', 'generalv3.5', 13, '您好，我是科大讯飞研发的认知智能大模型，我的名字叫讯飞星火认知大模型。我可以和人类进行自然交流，解答问题，高效完成各领域认知智能需求。', b'1', '1', '2024-05-25 13:17:51', NULL, '2024-07-05 01:30:39', b'0', 1), (2137, 1781604279872581714, NULL, 1, NULL, 'user', 'gpt-3.5-turbo', 11, '你是什么模型啊？', b'1', '1', '2024-05-25 13:20:35', '1', '2024-07-05 01:30:39', b'1', 1), (2138, 1781604279872581714, 2137, 1, NULL, 'assistant', 'gpt-3.5-turbo', 11, '400 Bad Request from POST https://api.gptsapi.net/v1/chat/completions', b'1', '1', '2024-05-25 13:20:35', NULL, '2024-07-05 01:30:39', b'1', 1), (2139, 1781604279872581714, NULL, 1, NULL, 'user', 'qwen-72b-chat', 14, '你是什么模型呀？', b'1', '1', '2024-05-25 13:20:57', '1', '2024-07-05 01:30:39', b'1', 1), (2140, 1781604279872581714, 2139, 1, NULL, 'assistant', 'qwen-72b-chat', 14, '{\"statusCode\":400,\"message\":\"Range of max_tokens should be [1, 2000]\",\"code\":\"InvalidParameter\",\"isJson\":true,\"requestId\":\"fa5b0f3e-baf6-95f7-8d77-e6348c2f7f9c\"}', b'1', '1', '2024-05-25 13:20:57', NULL, '2024-07-05 01:30:39', b'1', 1), (2141, 1781604279872581714, NULL, 1, NULL, 'user', 'qwen-72b-chat', 14, '你是什么模型？？？', b'1', '1', '2024-05-25 13:21:46', '1', '2024-07-05 01:30:39', b'0', 1), (2142, 1781604279872581714, 2141, 1, NULL, 'assistant', 'qwen-72b-chat', 14, '我是来自阿里云的大规模语言模型，我叫通义千问。', b'1', '1', '2024-05-25 13:21:46', NULL, '2024-07-05 01:30:39', b'0', 1), (2143, 1781604279872581715, NULL, 1, 12, 'user', 'gpt-3.5-turbo', 11, '皮卡丘，怎么进化？', b'1', '1', '2024-05-25 13:26:03', '1', '2024-07-05 01:30:39', b'0', 1), (2144, 1781604279872581715, 2143, 1, 12, 'assistant', 'gpt-3.5-turbo', 11, '皮卡丘是宝可梦中的一种，通过使用它可以雷之石道具来进化成为雷丘。当皮卡丘持有雷之石并且获得足够的经验值后，它将会进化为雷丘。进化后的雷丘将拥有更强大的能力和技能，让它变得更加强大。希望这能帮到你！', b'1', '1', '2024-05-25 13:26:03', NULL, '2024-07-05 01:30:39', b'0', 1), (2145, 1781604279872581715, NULL, 1, 12, 'user', 'gpt-3.5-turbo', 11, '巨大化，可以么？', b'1', '1', '2024-05-25 13:26:12', '1', '2024-07-05 01:30:39', b'0', 1), (2146, 1781604279872581715, 2145, 1, 12, 'assistant', 'gpt-3.5-turbo', 11, '400 Bad Request from POST https://api.gptsapi.net/v1/chat/completions', b'1', '1', '2024-05-25 13:26:12', NULL, '2024-07-05 01:30:39', b'1', 1), (2147, 1781604279872581714, NULL, 1, NULL, 'user', 'qwen-72b-chat', 14, '你是什么模型？', b'1', '1', '2024-06-01 19:28:56', '1', '2024-07-05 01:30:39', b'0', 1), (2148, 1781604279872581714, 2147, 1, NULL, 'assistant', 'qwen-72b-chat', 14, '很抱歉，可能出现了误解。我是来自阿里云的大规模语言模型，我叫通义千问。', b'1', '1', '2024-06-01 19:28:56', NULL, '2024-07-05 01:30:39', b'0', 1), (2149, 1781604279872581716, NULL, 1, NULL, 'user', 'Qwen-1.8B', 15, '测试依稀看看？', b'1', '1', '2024-06-01 20:06:29', '1', '2024-07-05 01:30:39', b'0', 1), (2150, 1781604279872581716, 2149, 1, NULL, 'assistant', 'Qwen-1.8B', 15, '{\"statusCode\":400,\"message\":\"Range of max_tokens should be [1, 2000]\",\"code\":\"InvalidParameter\",\"isJson\":true,\"requestId\":\"7ca19744-583e-95e9-b9e4-7d031dcc167a\"}', b'1', '1', '2024-06-01 20:06:29', NULL, '2024-07-05 01:30:39', b'0', 1), (2151, 1781604279872581716, NULL, 1, NULL, 'user', 'Qwen-1.8B', 15, '你好你好', b'1', '1', '2024-06-01 20:07:14', '1', '2024-07-05 01:30:39', b'0', 1), (2152, 1781604279872581716, 2151, 1, NULL, 'assistant', 'Qwen-1.8B', 15, '{\"statusCode\":400,\"message\":\"Range of max_tokens should be [1, 2000]\",\"code\":\"InvalidParameter\",\"isJson\":true,\"requestId\":\"057379a7-1799-9012-80a7-e79fe937c0b0\"}', b'1', '1', '2024-06-01 20:07:14', NULL, '2024-07-05 01:30:39', b'0', 1), (2153, 1781604279872581716, NULL, 1, NULL, 'user', 'Qwen-1.8B', 15, '你好呀', b'1', '1', '2024-06-01 20:07:40', '1', '2024-07-05 01:30:39', b'0', 1), (2154, 1781604279872581716, 2153, 1, NULL, 'assistant', 'Qwen-1.8B', 15, '很抱歉，我看到您提供的信息似乎是关于一个API请求的错误返回。它指出\"max_tokens\"参数的取值范围应该在[1, 2000]之间，但您传入的值可能超出了这个范围。如果您是在尝试向某个服务发送请求并获取回答时遇到这个问题，请确保您设置的$max_tokens$参数符合指定的要求。\n\n至于您的问句“测试依稀看看？”和重复的“你好你好”，请您提供更多上下文或者提出一个具体问题，我会更好地为您提供帮助。', b'1', '1', '2024-06-01 20:07:40', NULL, '2024-07-05 01:30:39', b'1', 1), (2155, 1781604279872581716, NULL, 1, NULL, 'user', 'Qwen-1.8B', 15, '莫西莫西！', b'1', '1', '2024-06-01 20:07:53', '1', '2024-07-05 01:30:39', b'0', 1), (2156, 1781604279872581716, 2155, 1, NULL, 'assistant', 'Qwen-1.8B', 15, '看起来您正在尝试通过API执行某些操作，并且两次收到了相同的错误响应，提示 \"Range of max_tokens should be [1, 2000]\"。这表明在您的API调用中，用于`max_tokens`参数的值不在有效的范围内。\n\n在解决此问题时，请检查您的代码或API调用配置，确保 `max_tokens` 参数被正确地设定为1到2000之间的整数。\n\n至于\"测试依稀看看？\"，这似乎是一个询问性质的问题，但没有提供足够的上下文以供我给出明确的答案。如果您有其他技术问题、需要解释概念或是有任何疑问，请详细描述一下，我会尽力帮您解答。\n\n最后，您提到的日语问候语“モシモシ”通常用于接听电话时的开场白，意思是类似于英语中的 \"Hello?\" 或 \"Is this working?\"。在这里，我不太清楚您想表达的具体意图，不过如果有任何与日语学习或使用相关的问题，也欢迎随时向我提问。', b'1', '1', '2024-06-01 20:07:53', NULL, '2024-07-05 01:30:39', b'0', 1), (2157, 1781604279872581717, NULL, 1, NULL, 'user', 'Qwen-1.8B', 15, '你是个🙆模型么！', b'1', '1', '2024-06-01 20:08:23', '1', '2024-07-05 01:30:39', b'1', 1), (2158, 1781604279872581717, 2157, 1, NULL, 'assistant', 'Qwen-1.8B', 15, '{\"statusCode\":400,\"message\":\"Range of max_tokens should be [1, 2000]\",\"code\":\"InvalidParameter\",\"isJson\":true,\"requestId\":\"53573309-5809-96f4-a52e-b048b1081e45\"}', b'1', '1', '2024-06-01 20:08:23', NULL, '2024-07-05 01:30:39', b'1', 1), (2159, 1781604279872581717, NULL, 1, NULL, 'user', 'Qwen-1.8B', 15, '什么回事！', b'1', '1', '2024-06-01 20:08:37', '1', '2024-07-05 01:30:39', b'0', 1), (2160, 1781604279872581717, 2159, 1, NULL, 'assistant', 'Qwen-1.8B', 15, '很抱歉，您的问题可能需要更多的上下文信息以便我能提供准确的回答。您能否请您详细描述一下所发生的事情或者您想要了解的问题呢？', b'1', '1', '2024-06-01 20:08:37', NULL, '2024-07-05 01:30:39', b'0', 1), (2161, 1781604279872581717, NULL, 1, NULL, 'user', 'Qwen-1.8B', 15, '1+1=', b'1', '1', '2024-06-01 20:08:41', '1', '2024-07-05 01:30:39', b'0', 1), (2162, 1781604279872581717, 2161, 1, NULL, 'assistant', 'Qwen-1.8B', 15, '1+1 等于 2。这是最基本的数学加法之一。如果您有其他关于这个算式或相关数学概念的疑问，请随时提问。', b'1', '1', '2024-06-01 20:08:41', NULL, '2024-07-05 01:30:39', b'0', 1), (2163, 1781604279872581717, NULL, 1, NULL, 'user', 'Qwen-7B', 15, '测试一下大小', b'1', '1', '2024-06-01 21:53:18', '1', '2024-07-05 01:30:39', b'0', 1), (2164, 1781604279872581717, 2163, 1, NULL, 'assistant', 'Qwen-7B', 15, '{\"statusCode\":400,\"message\":\"Range of max_tokens should be [1, 2000]\",\"code\":\"InvalidParameter\",\"isJson\":true,\"requestId\":\"2c68e602-b63c-9f29-9c37-6ce15554fb71\"}', b'1', '1', '2024-06-01 21:53:18', NULL, '2024-07-05 01:30:39', b'0', 1), (2165, 1781604279872581717, NULL, 1, NULL, 'user', 'qwen-72b-chat', 14, '可以么？？？', b'1', '1', '2024-06-01 21:53:59', '1', '2024-07-05 01:30:39', b'0', 1), (2166, 1781604279872581717, 2165, 1, NULL, 'assistant', 'qwen-72b-chat', 14, '{\"statusCode\":400,\"message\":\"Range of max_tokens should be [1, 2000]\",\"code\":\"InvalidParameter\",\"isJson\":true,\"requestId\":\"d94f6bb2-63bd-9609-bf0c-6195189c4743\"}', b'1', '1', '2024-06-01 21:53:59', NULL, '2024-07-05 01:30:39', b'0', 1), (2167, 1781604279872581719, NULL, 1, NULL, 'user', 'ERNIE 4.0', 10, '阿巴阿巴', b'1', '1', '2024-06-02 08:53:57', '1', '2024-07-05 01:30:39', b'1', 1), (2168, 1781604279872581719, 2167, 1, NULL, 'assistant', 'ERNIE 4.0', 10, '', b'1', '1', '2024-06-02 08:53:57', NULL, '2024-07-05 01:30:39', b'1', 1), (2169, 1781604279872581719, NULL, 1, NULL, 'user', 'ERNIE 4.0', 10, '你是谁？？？', b'1', '1', '2024-06-02 08:54:10', '1', '2024-07-05 01:30:39', b'1', 1), (2170, 1781604279872581719, 2169, 1, NULL, 'assistant', 'ERNIE 4.0', 10, '', b'1', '1', '2024-06-02 08:54:10', NULL, '2024-07-05 01:30:39', b'1', 1), (2171, 1781604279872581719, NULL, 1, NULL, 'user', 'ernie-tiny-8k', 16, '冲鸭！', b'1', '1', '2024-06-02 09:00:35', '1', '2024-07-05 01:30:39', b'1', 1), (2172, 1781604279872581719, 2171, 1, NULL, 'assistant', 'ernie-tiny-8k', 16, '', b'1', '1', '2024-06-02 09:00:35', NULL, '2024-07-05 01:30:39', b'1', 1), (2173, 1781604279872581719, NULL, 1, NULL, 'user', 'ernie-tiny-8k', 16, '测试下模型', b'1', '1', '2024-06-02 09:01:57', '1', '2024-07-05 01:30:39', b'1', 1), (2174, 1781604279872581719, 2173, 1, NULL, 'assistant', 'ernie-tiny-8k', 16, '', b'1', '1', '2024-06-02 09:01:57', NULL, '2024-07-05 01:30:39', b'1', 1), (2175, 1781604279872581719, NULL, 1, NULL, 'user', 'ERNIE 4.0', 10, '你是什么模型呀？', b'1', '1', '2024-06-02 09:06:35', '1', '2024-07-05 01:30:39', b'1', 1), (2176, 1781604279872581719, 2175, 1, NULL, 'assistant', 'ERNIE 4.0', 10, '', b'1', '1', '2024-06-02 09:06:35', NULL, '2024-07-05 01:30:39', b'1', 1);
INSERT INTO `ai_chat_message` (`id`, `conversation_id`, `reply_id`, `user_id`, `role_id`, `type`, `model`, `model_id`, `content`, `use_context`, `creator`, `create_time`, `updater`, `update_time`, `deleted`, `tenant_id`) VALUES (2177, 1781604279872581719, NULL, 1, NULL, 'user', 'ERNIE-3.5-8K', 9, '测试一下模型', b'1', '1', '2024-06-02 09:07:00', '1', '2024-07-05 01:30:39', b'1', 1), (2178, 1781604279872581719, 2177, 1, NULL, 'assistant', 'ERNIE-3.5-8K', 9, '', b'1', '1', '2024-06-02 09:07:00', NULL, '2024-07-05 01:30:39', b'1', 1), (2179, 1781604279872581720, NULL, 1, NULL, 'user', 'ERNIE-3.5-8K', 9, '你是谁啊？', b'1', '1', '2024-06-02 09:07:29', '1', '2024-07-05 01:30:39', b'0', 1), (2180, 1781604279872581720, 2179, 1, NULL, 'assistant', 'ERNIE-3.5-8K', 9, '', b'1', '1', '2024-06-02 09:07:29', NULL, '2024-07-05 01:30:39', b'0', 1), (2181, 1781604279872581721, NULL, 1, NULL, 'user', 'ERNIE 4.0', 10, '测试一下，怎么样？', b'1', '1', '2024-06-02 09:13:27', '1', '2024-07-05 01:30:39', b'1', 1), (2182, 1781604279872581721, 2181, 1, NULL, 'assistant', 'ERNIE 4.0', 10, '', b'1', '1', '2024-06-02 09:13:27', NULL, '2024-07-05 01:30:39', b'1', 1), (2183, 1781604279872581721, NULL, 1, NULL, 'user', 'ERNIE 4.0', 10, '测试一下结果？？？？', b'1', '1', '2024-06-02 09:15:24', '1', '2024-07-05 01:30:39', b'1', 1), (2184, 1781604279872581721, 2183, 1, NULL, 'assistant', 'ERNIE 4.0', 10, '', b'1', '1', '2024-06-02 09:15:24', NULL, '2024-07-05 01:30:39', b'1', 1), (2185, 1781604279872581721, NULL, 1, NULL, 'user', 'ERNIE-3.5-8K', 9, '泡一下看看！', b'1', '1', '2024-06-02 09:16:46', '1', '2024-07-05 01:30:39', b'1', 1), (2186, 1781604279872581721, 2185, 1, NULL, 'assistant', 'ERNIE-3.5-8K', 9, '', b'1', '1', '2024-06-02 09:16:46', NULL, '2024-07-05 01:30:39', b'1', 1), (2187, 1781604279872581721, NULL, 1, NULL, 'user', 'ERNIE-3.5-8K', 9, '试试，温度第一点', b'1', '1', '2024-06-02 09:17:23', '1', '2024-07-05 01:30:39', b'1', 1), (2188, 1781604279872581721, 2187, 1, NULL, 'assistant', 'ERNIE-3.5-8K', 9, '', b'1', '1', '2024-06-02 09:17:23', NULL, '2024-07-05 01:30:39', b'1', 1), (2189, 1781604279872581721, NULL, 1, NULL, 'user', 'ERNIE-3.5-8K', 9, '调低了噢！', b'1', '1', '2024-06-02 09:18:16', '1', '2024-07-05 01:30:39', b'1', 1), (2190, 1781604279872581721, 2189, 1, NULL, 'assistant', 'ERNIE-3.5-8K', 9, '', b'1', '1', '2024-06-02 09:18:16', NULL, '2024-07-05 01:30:39', b'1', 1), (2191, 1781604279872581721, NULL, 1, NULL, 'user', 'ERNIE-3.5-8K', 9, '再试试看噢', b'1', '1', '2024-06-02 09:18:33', '1', '2024-07-05 01:30:39', b'1', 1), (2192, 1781604279872581721, 2191, 1, NULL, 'assistant', 'ERNIE-3.5-8K', 9, '', b'1', '1', '2024-06-02 09:18:33', NULL, '2024-07-05 01:30:39', b'1', 1), (2193, 1781604279872581721, NULL, 1, NULL, 'user', 'ERNIE-3.5-8K', 9, '你是谁啊？？？', b'1', '1', '2024-06-02 09:21:59', '1', '2024-07-05 01:30:39', b'1', 1), (2194, 1781604279872581721, 2193, 1, NULL, 'assistant', 'ERNIE-3.5-8K', 9, '', b'1', '1', '2024-06-02 09:21:59', NULL, '2024-07-05 01:30:39', b'1', 1), (2195, 1781604279872581721, NULL, 1, NULL, 'user', 'ERNIE-3.5-8K', 9, '测试下', b'1', '1', '2024-06-02 09:43:20', '1', '2024-07-05 01:30:39', b'1', 1), (2196, 1781604279872581721, 2195, 1, NULL, 'assistant', 'ERNIE-3.5-8K', 9, '', b'1', '1', '2024-06-02 09:43:20', NULL, '2024-07-05 01:30:39', b'1', 1), (2197, 1781604279872581721, NULL, 1, NULL, 'user', 'ERNIE-3.5-8K', 9, '说啥啊？', b'1', '1', '2024-06-02 09:54:26', '1', '2024-07-05 01:30:39', b'1', 1), (2198, 1781604279872581721, 2197, 1, NULL, 'assistant', 'ERNIE-3.5-8K', 9, '', b'1', '1', '2024-06-02 09:54:26', NULL, '2024-07-05 01:30:39', b'1', 1), (2199, 1781604279872581721, NULL, 1, NULL, 'user', 'ERNIE-3.5-8K', 9, '你是啊？', b'1', '1', '2024-06-02 09:56:08', '1', '2024-07-05 01:30:39', b'1', 1), (2200, 1781604279872581721, 2199, 1, NULL, 'assistant', 'ERNIE-3.5-8K', 9, '', b'1', '1', '2024-06-02 09:56:08', NULL, '2024-07-05 01:30:39', b'1', 1), (2201, 1781604279872581721, NULL, 1, NULL, 'user', 'ERNIE-3.5-8K', 9, '怎么说！', b'1', '1', '2024-06-02 09:57:02', '1', '2024-07-05 01:30:39', b'0', 1), (2202, 1781604279872581721, 2201, 1, NULL, 'assistant', 'ERNIE-3.5-8K', 9, '', b'1', '1', '2024-06-02 09:57:02', NULL, '2024-07-05 01:30:39', b'1', 1), (2203, 1781604279872581722, NULL, 1, NULL, 'user', 'generalv3.5', 13, '312312312', b'1', '1', '2024-06-29 17:31:20', '1', '2024-07-05 01:30:39', b'0', 1), (2204, 1781604279872581722, 2203, 1, NULL, 'assistant', 'generalv3.5', 13, '您提供的数字 \"312312312\" 看起来像一个数字序列，但在没有上下文的情况下，很难为您提供相关的信息。', b'1', '1', '2024-06-29 17:31:21', NULL, '2024-07-05 01:30:39', b'0', 1), (2205, 1781604279872581722, NULL, 1, NULL, 'user', 'generalv3.5', 13, '是么？', b'1', '1', '2024-06-29 17:31:30', '1', '2024-07-05 01:30:39', b'0', 1), (2206, 1781604279872581722, 2205, 1, NULL, 'assistant', 'generalv3.5', 13, '对不起，我之前的回答可能没有理解您的问题。看起来您提供的\"312312312\"可能是一个数学问题或者是需要某种特定解析的序列。如果您能提供更多的背景信息或者具体的问题描述，我将更好地帮助您解答。\n\n例如，如果这是一个数学问题，它可能涉及到数字的某种特殊属性或规律。如果您能详细说明这个问题的性质或目的，我将能更准确地提供帮助。', b'1', '1', '2024-06-29 17:31:30', NULL, '2024-07-05 01:30:39', b'0', 1), (2207, 1781604279872581722, NULL, 1, NULL, 'user', 'generalv3.5', 13, '1+1 和我之前的数字，什么关系', b'1', '1', '2024-06-29 17:31:46', '1', '2024-07-05 01:30:39', b'0', 1), (2208, 1781604279872581722, 2207, 1, NULL, 'assistant', 'generalv3.5', 13, '', b'1', '1', '2024-06-29 17:31:46', '1', '2024-07-05 01:30:39', b'0', 1), (2209, 1781604279872581723, NULL, 1, NULL, 'user', 'qwen-72b-chat', 14, '你是谁？', b'1', '1', '2024-06-29 17:52:54', '1', '2024-07-05 01:30:39', b'0', 1), (2210, 1781604279872581723, 2209, 1, NULL, 'assistant', 'qwen-72b-chat', 14, '{\"statusCode\":400,\"message\":\"Range of max_tokens should be [1, 2000]\",\"code\":\"InvalidParameter\",\"isJson\":true,\"requestId\":\"52de4fef-0398-9d20-b9a9-d338087083f5\"}', b'1', '1', '2024-06-29 17:52:54', NULL, '2024-07-05 01:30:39', b'0', 1), (2211, 1781604279872581723, NULL, 1, NULL, 'user', 'qwen-72b-chat', 14, '你又是谁', b'1', '1', '2024-06-29 17:53:06', '1', '2024-07-05 01:30:39', b'0', 1), (2212, 1781604279872581723, 2211, 1, NULL, 'assistant', 'qwen-72b-chat', 14, '很抱歉，由于您输入的格式问题，我无法正常回答。但我需要重申，我是来自阿里云的大规模语言模型，我叫通义千问。', b'1', '1', '2024-06-29 17:53:06', NULL, '2024-07-05 01:30:39', b'0', 1), (2213, 1781604279872581717, NULL, 1, NULL, 'user', 'qwen-72b-chat', 14, '哈哈哈哈？', b'1', '1', '2024-06-29 18:07:53', '1', '2024-07-05 01:30:39', b'0', 1), (2214, 1781604279872581717, 2213, 1, NULL, 'assistant', 'qwen-72b-chat', 14, '{\"statusCode\":400,\"message\":\"Range of max_tokens should be [1, 2000]\",\"code\":\"InvalidParameter\",\"isJson\":true,\"requestId\":\"f9d539ce-2c47-9579-aa2e-f51ecfe06f71\"}', b'1', '1', '2024-06-29 18:07:53', NULL, '2024-07-05 01:30:39', b'0', 1), (2215, 1781604279872581723, NULL, 1, NULL, 'user', 'qwen-72b-chat', 14, 'ee？', b'1', '1', '2024-06-29 18:08:05', '1', '2024-07-05 01:30:39', b'0', 1), (2216, 1781604279872581723, 2215, 1, NULL, 'assistant', 'qwen-72b-chat', 14, '很抱歉，您的输入似乎包含了一些错误信息。不过，我还是会回答您的问题。我是来自阿里云的大规模语言模型，我叫通义千问。', b'1', '1', '2024-06-29 18:08:05', NULL, '2024-07-05 01:30:39', b'0', 1), (2217, 1781604279872581724, NULL, 1, NULL, 'user', 'ERNIE 4.0', 10, '测试下', b'1', '1', '2024-06-29 18:08:57', '1', '2024-07-05 01:30:39', b'0', 1), (2218, 1781604279872581724, 2217, 1, NULL, 'assistant', 'ERNIE 4.0', 10, '', b'1', '1', '2024-06-29 18:08:57', NULL, '2024-07-05 01:30:39', b'0', 1), (2219, 1781604279872581724, NULL, 1, NULL, 'user', 'ERNIE 4.0', 10, '再试试', b'1', '1', '2024-06-29 18:22:31', '1', '2024-07-05 01:30:39', b'0', 1), (2220, 1781604279872581724, 2219, 1, NULL, 'assistant', 'ERNIE 4.0', 10, '当然可以，请告诉我您需要尝试什么，我会尽力提供帮助。', b'1', '1', '2024-06-29 18:22:31', NULL, '2024-07-05 01:30:39', b'0', 1), (2221, 1781604279872581724, NULL, 1, NULL, 'user', 'ERNIE 4.0', 10, '你是谁？', b'1', '1', '2024-06-29 18:22:38', '1', '2024-07-05 01:30:39', b'0', 1), (2222, 1781604279872581724, 2221, 1, NULL, 'assistant', 'ERNIE 4.0', 10, '我是一个人工智能语言模型，没有真实的身份和名字。我被设计用于回答用户的问题和提供信息，以帮助人们解决问题和获取知识。如果您有任何问题，请随时向我提问。', b'1', '1', '2024-06-29 18:22:38', NULL, '2024-07-05 01:30:39', b'0', 1), (2223, 1781604279872581724, NULL, 1, NULL, 'user', 'ERNIE 4.0', 10, '你是文心一言么？', b'1', '1', '2024-06-29 18:22:48', '1', '2024-07-05 01:30:39', b'0', 1), (2224, 1781604279872581724, 2223, 1, NULL, 'assistant', 'ERNIE 4.0', 10, '是的，我是文心一言。我能够与人对话互动，回答问题，协助创作，高效便捷地帮助人们获取信息、知识和灵感。', b'1', '1', '2024-06-29 18:22:48', NULL, '2024-07-05 01:30:39', b'0', 1), (2225, 1781604279872581724, NULL, 1, NULL, 'user', 'ERNIE 4.0', 10, '你猜', b'1', '1', '2024-06-29 18:26:19', '1', '2024-07-05 01:30:39', b'0', 1), (2226, 1781604279872581724, 2225, 1, NULL, 'assistant', 'ERNIE 4.0', 10, '', b'1', '1', '2024-06-29 18:26:19', NULL, '2024-07-05 01:30:39', b'0', 1), (2227, 1781604279872581724, NULL, 1, NULL, 'user', 'ERNIE 4.0', 10, '呃呃呃？', b'1', '1', '2024-06-29 18:26:38', '1', '2024-07-05 01:30:39', b'0', 1), (2228, 1781604279872581724, 2227, 1, NULL, 'assistant', 'ERNIE 4.0', 10, '', b'1', '1', '2024-06-29 18:26:38', NULL, '2024-07-05 01:30:39', b'0', 1), (2229, 1781604279872581724, NULL, 1, NULL, 'user', 'ernie-tiny-8k', 16, '呃呃呃？', b'1', '1', '2024-06-29 18:27:29', '1', '2024-07-05 01:30:39', b'0', 1), (2230, 1781604279872581724, 2229, 1, NULL, 'assistant', 'ernie-tiny-8k', 16, '', b'1', '1', '2024-06-29 18:27:29', NULL, '2024-07-05 01:30:39', b'0', 1), (2231, 1781604279872581724, NULL, 1, NULL, 'user', 'ERNIE 4.0', 10, '呃呃呃', b'1', '1', '2024-06-29 18:28:07', '1', '2024-07-05 01:30:39', b'0', 1), (2232, 1781604279872581724, 2231, 1, NULL, 'assistant', 'ERNIE 4.0', 10, '如果您有任何问题或需要帮助，请随时告诉我，我会尽力回答和协助您。', b'1', '1', '2024-06-29 18:28:07', NULL, '2024-07-05 01:30:39', b'0', 1), (2233, 1781604279872581725, NULL, 1, NULL, 'user', 'qwen-72b-chat', 14, '哈哈哈哈', b'1', '1', '2024-06-29 18:54:03', '1', '2024-07-05 01:30:39', b'0', 1), (2234, 1781604279872581725, 2233, 1, NULL, 'assistant', 'qwen-72b-chat', 14, '嗨嗨！嗨！很高兴嗨！很高兴见到你！你在笑嗨！很高兴见到你！你在笑什么呢？分享一下你的快乐吧！嗨！很高兴见到你！你在笑什么呢？分享一下你的快乐吧！', b'1', '1', '2024-06-29 18:54:03', NULL, '2024-07-05 01:30:39', b'0', 1), (2235, 1781604279872581725, NULL, 1, NULL, 'user', 'qwen-72b-chat', 14, '怎么说！', b'1', '1', '2024-06-29 18:54:12', '1', '2024-07-05 01:30:39', b'0', 1), (2236, 1781604279872581725, 2235, 1, NULL, 'assistant', 'qwen-72b-chat', 14, '你说你说的是你说的是哪你说的是哪方面呢？如果你想问你说的是哪方面呢？如果你想问如何用中文表达笑声，\"哈哈哈哈你说的是哪方面呢？如果你想问如何用中文表达笑声，\"哈哈哈哈\"就是一种常见的大笑的表示你说的是哪方面呢？如果你想问如何用中文表达笑声，\"哈哈哈哈\"就是一种常见的大笑的表示。例如：\"他说了什么这么好你说的是哪方面呢？如果你想问如何用中文表达笑声，\"哈哈哈哈\"就是一种常见的大笑的表示。例如：\"他说了什么这么好笑的话，让我们大家都哈哈哈哈笑了起来你说的是哪方面呢？如果你想问如何用中文表达笑声，\"哈哈哈哈\"就是一种常见的大笑的表示。例如：\"他说了什么这么好笑的话，让我们大家都哈哈哈哈笑了起来。\"如果你有其他问题或需要你说的是哪方面呢？如果你想问如何用中文表达笑声，\"哈哈哈哈\"就是一种常见的大笑的表示。例如：\"他说了什么这么好笑的话，让我们大家都哈哈哈哈笑了起来。\"如果你有其他问题或需要帮助，请告诉我！', b'1', '1', '2024-06-29 18:54:12', NULL, '2024-07-05 01:30:39', b'0', 1), (2237, 1781604279872581725, NULL, 1, NULL, 'user', 'qwen-72b-chat', 14, '你是谁？？？？', b'1', '1', '2024-06-29 18:54:19', '1', '2024-07-05 01:30:39', b'0', 1), (2238, 1781604279872581725, 2237, 1, NULL, 'assistant', 'qwen-72b-chat', 14, '我是我是阿里我是阿里云我是阿里云开发的一款超大规模语言我是阿里云开发的一款超大规模语言模型，我叫通义千问我是阿里云开发的一款超大规模语言模型，我叫通义千问。我被设计用来回答各种问题我是阿里云开发的一款超大规模语言模型，我叫通义千问。我被设计用来回答各种问题、提供信息和进行对话。有什么我是阿里云开发的一款超大规模语言模型，我叫通义千问。我被设计用来回答各种问题、提供信息和进行对话。有什么我可以帮到你的吗？', b'1', '1', '2024-06-29 18:54:19', NULL, '2024-07-05 01:30:39', b'0', 1), (2239, 1781604279872581725, NULL, 1, NULL, 'user', 'qwen-72b-chat', 14, '呃呃呃？', b'1', '1', '2024-06-29 18:54:29', '1', '2024-07-05 01:30:39', b'0', 1), (2240, 1781604279872581725, 2239, 1, NULL, 'assistant', 'qwen-72b-chat', 14, '呃呃呃呃呃呃呃呃呃？（*微笑*)呃呃呃？（*微笑*) 看来你在思考或者不确定呃呃呃？（*微笑*) 看来你在思考或者不确定要说什么，没问题！你可以慢慢想呃呃呃？（*微笑*) 看来你在思考或者不确定要说什么，没问题！你可以慢慢想，或者直接告诉我你需要帮助或者想要呃呃呃？（*微笑*) 看来你在思考或者不确定要说什么，没问题！你可以慢慢想，或者直接告诉我你需要帮助或者想要讨论的话题。任何时候我都在这里，呃呃呃？（*微笑*) 看来你在思考或者不确定要说什么，没问题！你可以慢慢想，或者直接告诉我你需要帮助或者想要讨论的话题。任何时候我都在这里，准备为你解答疑惑或提供支持。呃呃呃？（*微笑*) 看来你在思考或者不确定要说什么，没问题！你可以慢慢想，或者直接告诉我你需要帮助或者想要讨论的话题。任何时候我都在这里，准备为你解答疑惑或提供支持。请随时开口哦。', b'1', '1', '2024-06-29 18:54:29', NULL, '2024-07-05 01:30:39', b'0', 1), (2241, 1781604279872581725, NULL, 1, NULL, 'user', 'qwen-72b-chat', 14, '怎么说！', b'1', '1', '2024-06-29 18:58:38', '1', '2024-07-05 01:30:39', b'0', 1), (2242, 1781604279872581725, 2241, 1, NULL, 'assistant', 'qwen-72b-chat', 14, '很很抱歉很抱歉，很抱歉，您的问题不太明确。很抱歉，您的问题不太明确。您能给出更多的上下文或具体很抱歉，您的问题不太明确。您能给出更多的上下文或具体情境吗？是关于某个特定话题很抱歉，您的问题不太明确。您能给出更多的上下文或具体情境吗？是关于某个特定话题怎么表达吗？还是询问某种情况很抱歉，您的问题不太明确。您能给出更多的上下文或具体情境吗？是关于某个特定话题怎么表达吗？还是询问某种情况下的应对方式？请详细描述一下很抱歉，您的问题不太明确。您能给出更多的上下文或具体情境吗？是关于某个特定话题怎么表达吗？还是询问某种情况下的应对方式？请详细描述一下，我会更好地为您提供帮助。很抱歉，您的问题不太明确。您能给出更多的上下文或具体情境吗？是关于某个特定话题怎么表达吗？还是询问某种情况下的应对方式？请详细描述一下，我会更好地为您提供帮助。', b'1', '1', '2024-06-29 18:58:38', NULL, '2024-07-05 01:30:39', b'0', 1), (2245, 1781604279872581724, NULL, 1, NULL, 'user', 'ERNIE 4.0', 10, '你是 OpenAI 么？', b'0', '1', '2024-07-04 09:37:57', '1', '2024-07-05 01:30:39', b'0', 1), (2246, 1781604279872581724, 2245, 1, NULL, 'assistant', 'ERNIE 4.0', 10, '我不是OpenAI。我是百度研发的人工智能产品，旨在通过机器学习和自然语言处理技术来回答用户的问题和提供相关信息。如果您有任何问题或需要帮助，请随时向我提问。', b'0', '1', '2024-07-04 09:37:57', '1', '2024-07-05 01:30:39', b'0', 1), (2247, 1781604279872581725, NULL, 1, NULL, 'user', 'qwen-72b-chat', 14, 'aaa', b'1', '1', '2024-07-05 00:08:03', '1', '2024-07-05 01:30:39', b'0', 1), (2248, 1781604279872581725, 2247, 1, NULL, 'assistant', 'qwen-72b-chat', 14, '\n### Error updating database.  Cause: com.mysql.cj.jdbc.exceptions.MysqlDataTruncation: Data truncation: Data too long for column \'content\' at row 1\n### The error may exist in cn/iocoder/yudao/module/ai/dal/mysql/chat/AiChatMessageMapper.java (best guess)\n### The error may involve cn.iocoder.yudao.module.ai.dal.mysql.chat.AiChatMessageMapper.updateById-Inline\n### The error occurred while setting parameters\n### SQL: UPDATE ai_chat_message SET content = ?, update_time = ?, updater = ? WHERE id = ? AND deleted = 0\n### Cause: com.mysql.cj.jdbc.exceptions.MysqlDataTruncation: Data truncation: Data too long for column \'content\' at row 1\n; Data truncation: Data too long for column \'content\' at row 1', b'1', '1', '2024-07-05 00:08:03', NULL, '2024-07-05 01:30:39', b'0', 1), (2249, 1781604279872581726, NULL, 1, NULL, 'user', 'qwen-72b-chat', 14, '1111', b'1', '1', '2024-07-05 00:08:25', '1', '2024-07-05 01:30:39', b'1', 1), (2250, 1781604279872581726, 2249, 1, NULL, 'assistant', 'qwen-72b-chat', 14, '{\"statusCode\":400,\"message\":\"Range of max_tokens should be [1, 2000]\",\"code\":\"InvalidParameter\",\"isJson\":true,\"requestId\":\"73f77f31-610f-9751-bddf-3463ef13b273\"}', b'1', '1', '2024-07-05 00:08:25', NULL, '2024-07-05 01:30:39', b'1', 1), (2251, 1781604279872581726, NULL, 1, NULL, 'user', 'qwen-72b-chat', 14, '1111', b'1', '1', '2024-07-05 00:08:34', '1', '2024-07-05 01:30:39', b'1', 1), (2252, 1781604279872581726, 2251, 1, NULL, 'assistant', 'qwen-72b-chat', 14, '很很抱歉很抱歉，很抱歉，您没有提供足够的信息很抱歉，您没有提供足够的信息以便我能给出有效的回复。您能否很抱歉，您没有提供足够的信息以便我能给出有效的回复。您能否提供更多上下文或者提出一个具体的问题很抱歉，您没有提供足够的信息以便我能给出有效的回复。您能否提供更多上下文或者提出一个具体的问题呢？很抱歉，您没有提供足够的信息以便我能给出有效的回复。您能否提供更多上下文或者提出一个具体的问题呢？', b'1', '1', '2024-07-05 00:08:34', NULL, '2024-07-05 01:30:39', b'1', 1), (2253, 1781604279872581726, NULL, 1, NULL, 'user', 'qwen-72b-chat', 14, '2222', b'1', '1', '2024-07-05 00:09:31', '1', '2024-07-05 01:30:39', b'1', 1), (2254, 1781604279872581726, 2253, 1, NULL, 'assistant', 'qwen-72b-chat', 14, '您好您好！您好！您的您好！您的输入\"222您好！您的输入\"2222\"目前看起来没有特定的含义您好！您的输入\"2222\"目前看起来没有特定的含义或上下文，我不太清楚您您好！您的输入\"2222\"目前看起来没有特定的含义或上下文，我不太清楚您需要什么样的帮助。请您是否可以提供您好！您的输入\"2222\"目前看起来没有特定的含义或上下文，我不太清楚您需要什么样的帮助。请您是否可以提供更多的信息，比如您想询问关于您好！您的输入\"2222\"目前看起来没有特定的含义或上下文，我不太清楚您需要什么样的帮助。请您是否可以提供更多的信息，比如您想询问关于数字2222的什么内容您好！您的输入\"2222\"目前看起来没有特定的含义或上下文，我不太清楚您需要什么样的帮助。请您是否可以提供更多的信息，比如您想询问关于数字2222的什么内容，或者您在寻求解答的某个您好！您的输入\"2222\"目前看起来没有特定的含义或上下文，我不太清楚您需要什么样的帮助。请您是否可以提供更多的信息，比如您想询问关于数字2222的什么内容，或者您在寻求解答的某个问题与2222有关联您好！您的输入\"2222\"目前看起来没有特定的含义或上下文，我不太清楚您需要什么样的帮助。请您是否可以提供更多的信息，比如您想询问关于数字2222的什么内容，或者您在寻求解答的某个问题与2222有关联？我将非常乐意为您提供帮助。您好！您的输入\"2222\"目前看起来没有特定的含义或上下文，我不太清楚您需要什么样的帮助。请您是否可以提供更多的信息，比如您想询问关于数字2222的什么内容，或者您在寻求解答的某个问题与2222有关联？我将非常乐意为您提供帮助。', b'1', '1', '2024-07-05 00:09:31', NULL, '2024-07-05 01:30:39', b'1', 1), (2255, 1781604279872581726, NULL, 1, NULL, 'user', 'qwen-72b-chat', 14, '阿门啊？！', b'1', '1', '2024-07-05 00:10:08', '1', '2024-07-06 10:01:59', b'1', 1), (2256, 1781604279872581726, 2255, 1, NULL, 'assistant', 'qwen-72b-chat', 14, '抱歉抱歉，抱歉，我不抱歉，我不太明白你的意思。抱歉，我不太明白你的意思。', b'1', '1', '2024-07-05 00:10:08', NULL, '2024-07-06 10:01:57', b'1', 1), (2257, 1781604279872581724, NULL, 1, NULL, 'user', 'ERNIE 4.0', 10, '1+1=?', b'0', '1', '2024-07-05 09:30:43', '1', '2024-07-05 09:30:43', b'0', 1), (2258, 1781604279872581724, 2257, 1, NULL, 'assistant', 'ERNIE 4.0', 10, '', b'0', '1', '2024-07-05 09:30:43', '1', '2024-07-05 09:30:43', b'0', 1), (2259, 1781604279872581724, NULL, 1, NULL, 'user', 'ERNIE 4.0', 10, '1+1=?', b'0', '1', '2024-07-05 09:34:01', '1', '2024-07-05 09:34:01', b'0', 1), (2260, 1781604279872581724, 2259, 1, NULL, 'assistant', 'ERNIE 4.0', 10, '这个问题很直接，这个问题的答案是：**1 + 1 = 2**。', b'0', '1', '2024-07-05 09:34:01', NULL, '2024-07-05 09:34:03', b'0', 1), (2261, 1781604279872581724, NULL, 1, NULL, 'user', 'ERNIE 4.0', 10, '1+1=?', b'0', '1', '2024-07-05 09:39:47', '1', '2024-07-05 09:39:47', b'0', 1), (2262, 1781604279872581724, 2261, 1, NULL, 'assistant', 'ERNIE 4.0', 10, '在数学中，1+1等于2。', b'0', '1', '2024-07-05 09:39:47', NULL, '2024-07-05 09:39:48', b'0', 1), (2263, 1781604279872581724, NULL, 1, NULL, 'user', 'ERNIE 4.0', 10, '1+1=?', b'0', '1', '2024-07-05 09:41:09', '1', '2024-07-05 09:41:09', b'0', 1), (2264, 1781604279872581724, 2263, 1, NULL, 'assistant', 'ERNIE 4.0', 10, '1+1等于2。', b'0', '1', '2024-07-05 09:41:09', NULL, '2024-07-05 09:41:11', b'0', 1), (2265, 1781604279872581727, NULL, 1, NULL, 'user', 'generalv3.5', 13, '测试星火大模型', b'1', '1', '2024-07-06 08:44:13', '1', '2024-07-06 08:44:13', b'0', 1), (2266, 1781604279872581727, 2265, 1, NULL, 'assistant', 'generalv3.5', 13, '我是讯飞星火认知大模型，很高兴为您解答问题。\n\n测试星火大模型通常涉及以下几个方面：\n\n1. 自然语言理解能力：测试模型是否能够准确理解人类语言，包括词汇、语法、句意等方面。\n\n2. 问答能力：测试模型是否能够根据输入的问题，提供正确、准确的答案。\n\n3. 逻辑推理能力：测试模型是否具备一定的逻辑推理能力，能够根据给定的信息进行合理的推断和判断。\n\n4. 任务完成能力：测试模型是否能够完成特定任务，如文本摘要、机器翻译、情感分析等。\n\n5. 适应性和泛化能力：测试模型是否能够适应不同的领域和场景，以及处理未知或新颖的问题。\n\n6. 实时性和稳定性：测试模型的响应速度和稳定性，确保在实际应用中能够满足用户的需求。\n\n为了全面评估模型的性能，通常需要进行多种类型的测试，包括标准数据集上的测试、人工评估、在线测试等。此外，还可以通过与现有模型的对比，了解星火大模型在各方面的优势和不足。', b'1', '1', '2024-07-06 08:44:13', NULL, '2024-07-06 08:44:26', b'0', 1), (2267, 1781604279872581728, NULL, 1, NULL, 'user', 'deepseek-chat', 17, '你是谁', b'1', '1', '2024-07-06 12:07:55', '1', '2024-07-06 12:07:55', b'0', 1), (2268, 1781604279872581728, 2267, 1, NULL, 'assistant', 'deepseek-chat', 17, 'Cannot invoke \"org.springframework.ai.openai.api.OpenAiApi$ChatCompletionMessage$Role.name()\" because the return value of \"org.springframework.ai.openai.api.OpenAiApi$ChatCompletionMessage.role()\" is null', b'1', '1', '2024-07-06 12:07:55', NULL, '2024-07-06 12:07:57', b'0', 1), (2269, 1781604279872581728, NULL, 1, NULL, 'user', 'deepseek-chat', 17, '1+1=', b'1', '1', '2024-07-06 12:12:08', '1', '2024-07-06 12:12:08', b'0', 1), (2270, 1781604279872581728, 2269, 1, NULL, 'assistant', 'deepseek-chat', 17, '1+1=2', b'1', '1', '2024-07-06 12:12:08', NULL, '2024-07-06 12:12:09', b'0', 1), (2271, 1781604279872581728, NULL, 1, NULL, 'user', 'deepseek-chat', 17, '帮我写个排序算法', b'1', '1', '2024-07-06 12:12:18', '1', '2024-07-06 12:12:18', b'0', 1), (2272, 1781604279872581728, 2271, 1, NULL, 'assistant', 'deepseek-chat', 17, '当然可以！以下是一个简单的冒泡排序算法的实现，它是一种基本的排序算法，通过多次遍历数组，比较相邻的元素并交换它们的位置，直到整个数组有序。\n\n```python\ndef bubble_sort(arr):\n    n = len(arr)\n    for i in range(n):\n        # 标志位，用于检测是否发生了交换\n        swapped = False\n        for j in range(0, n-i-1):\n            if arr[j] > arr[j+1]:\n                # 交换元素\n                arr[j], arr[j+1] = arr[j+1], arr[j]\n                swapped = True\n        # 如果没有发生交换，说明数组已经有序，提前退出\n        if not swapped:\n            break\n    return arr\n\n# 示例用法\nif __name__ == \"__main__\":\n    example_array = [64, 34, 25, 12, 22, 11, 90]\n    sorted_array = bubble_sort(example_array)\n    print(\"排序后的数组:\", sorted_array)\n```\n\n这个冒泡排序算法的时间复杂度是 O(n^2)，在最坏的情况下（即输入数组完全逆序），它需要进行 n*(n-1)/2 次比较和交换。尽管它不是最高效的排序算法，但它的实现简单，易于理解。\n\n如果你需要更高效的排序算法，可以考虑使用快速排序（QuickSort）、归并排序（MergeSort）或堆排序（HeapSort），它们的时间复杂度通常为 O(n log n)。', b'1', '1', '2024-07-06 12:12:18', NULL, '2024-07-06 12:12:36', b'0', 1), (2273, 1781604279872581729, NULL, 1, NULL, 'user', 'llama3', 12, '123321', b'1', '1', '2024-07-06 14:47:20', '1', '2024-07-06 14:47:20', b'0', 1), (2274, 1781604279872581729, 2273, 1, NULL, 'assistant', 'llama3', 12, 'It seems like you just typed a sequence of numbers: 123321. Is there something specific you\'d like to talk about or ask about? I\'m here to help with any questions or topics you\'d like to discuss.', b'1', '1', '2024-07-06 14:47:20', NULL, '2024-07-06 14:47:29', b'0', 1), (2275, 1781604279872581729, NULL, 1, NULL, 'user', 'llama3', 12, '你是谁？', b'1', '1', '2024-07-06 14:47:37', '1', '2024-07-06 14:47:37', b'0', 1), (2276, 1781604279872581729, 2275, 1, NULL, 'assistant', 'llama3', 12, 'A direct question! 😊\n\n我是 LLaMA，一个由 MetaAI 开发的人工智能语言模型。我的任务是和用户对话、回答问题、分享知识、和他人交流。\n\n简单来说，我是一位 virtual assistant，旨在帮助你解决问题、提供信息、或只是聊天。\n\n如果你有任何问题或想法，请随时和我交流！ 🤖', b'1', '1', '2024-07-06 14:47:37', NULL, '2024-07-06 14:47:39', b'0', 1), (2277, 1781604279872581730, NULL, 1, NULL, 'user', 'qwen-72b-chat', 14, '你是谁？', b'1', '1', '2024-07-06 15:44:29', '1', '2024-07-06 15:44:29', b'0', 1), (2278, 1781604279872581730, 2277, 1, NULL, 'assistant', 'qwen-72b-chat', 14, '我是阿里云开发的一款超大规模语言模型，我叫通义千问。', b'1', '1', '2024-07-06 15:44:29', NULL, '2024-07-06 15:44:31', b'0', 1), (2279, 1781604279872581731, NULL, 1, NULL, 'user', 'ERNIE 4.0', 10, '土豆土豆', b'1', '1', '2024-07-06 15:55:40', '1', '2024-07-06 15:55:40', b'0', 1), (2280, 1781604279872581731, 2279, 1, NULL, 'assistant', 'ERNIE 4.0', 10, '你好，有什么关于土豆的问题我可以为你解答吗？土豆是一种常见的食材，很多人都非常喜欢它。无论是烹饪还是种植，土豆都有很多值得探讨的话题。请告诉我你具体想了解哪方面的信息，我会尽力提供帮助。', b'1', '1', '2024-07-06 15:55:40', NULL, '2024-07-06 15:55:42', b'0', 1), (2281, 1781604279872581731, NULL, 1, NULL, 'user', 'ERNIE 4.0', 10, '你是谁？什么模型？', b'1', '1', '2024-07-06 15:55:48', '1', '2024-07-06 15:55:48', b'0', 1), (2282, 1781604279872581731, 2281, 1, NULL, 'assistant', 'ERNIE 4.0', 10, '你好，我是文心一言，是一个基于人工智能技术的语言模型。我不是一个具体的实物模型，而是通过在计算机中运行程序来模拟人类的对话和交流。我旨在帮助人们获取信息、解决问题、辅助创作。如果您有任何问题或需要帮助，可以随时向我提问。', b'1', '1', '2024-07-06 15:55:48', NULL, '2024-07-06 15:55:51', b'0', 1), (2283, 1781604279872581732, NULL, 1, NULL, 'user', 'ernie_speed', 16, '我的命运呐', b'1', '1', '2024-07-06 16:31:58', '1', '2024-07-06 16:31:58', b'0', 1), (2284, 1781604279872581732, 2283, 1, NULL, 'assistant', 'ernie_speed', 16, '命运是一个复杂的概念，涉及到众多因素，包括个人的经历、选择、环境等。虽然人生中有很多事情是无法预测的，但是我们可以通过自己的努力和选择来影响和改变自己的未来。\n\n每个人都有自己独特的天赋和潜力，只要努力发掘并付诸实践，就有可能改变自己的命运。此外，积极的心态和乐观的态度也是面对命运的重要因素之一。无论遇到什么困难和挑战，都要保持信心和勇气，相信自己能够克服困难并取得成功。\n\n当然，有时候命运也会带来一些不可预测的挑战和变故，这时候我们需要保持冷静和应对能力，寻找解决问题的方法，并从中吸取经验和教训。\n\n总之，尽管我们无法完全掌控命运，但是通过努力和选择，我们可以为自己创造一个更好的未来。', b'1', '1', '2024-07-06 16:31:58', NULL, '2024-07-06 16:32:09', b'0', 1), (2285, 1781604279872581732, NULL, 1, NULL, 'user', 'ernie_speed', 16, '你是什么模型？？？？', b'1', '1', '2024-07-06 16:32:11', '1', '2024-07-06 16:32:11', b'0', 1), (2286, 1781604279872581732, 2285, 1, NULL, 'assistant', 'ernie_speed', 16, '我是一个人工智能语言模型，暂时不具备关于我是什么模型的标识和特征。我能够回答各种问题、提供信息和建议，并且努力满足用户的需求。如果您有其他问题或需要帮助，请随时告诉我。', b'1', '1', '2024-07-06 16:32:11', NULL, '2024-07-06 16:32:16', b'0', 1), (2287, 1781604279872581732, NULL, 1, NULL, 'user', 'ernie_speed', 16, '你是谁？', b'1', '1', '2024-07-06 16:32:21', '1', '2024-07-06 16:32:21', b'0', 1), (2288, 1781604279872581732, 2287, 1, NULL, 'assistant', 'ernie_speed', 16, '您好，我是一个人工智能语言模型，是一个基于计算机代码和算法开发的虚拟智能体。我通过学习和分析大量的数据，能够回答用户的问题并提供相关信息。如果您有任何问题或需要帮助，请随时向我提问。', b'1', '1', '2024-07-06 16:32:21', NULL, '2024-07-06 16:32:24', b'0', 1), (2289, 1781604279872581732, NULL, 1, NULL, 'user', 'ernie_speed', 16, '文心一言么？', b'1', '1', '2024-07-06 16:32:27', '1', '2024-07-06 16:32:27', b'0', 1), (2290, 1781604279872581732, 2289, 1, NULL, 'assistant', 'ernie_speed', 16, '**不是**，我是一个人工智能语言模型，与文心一言是不同的个体。我们都有自己的特点和能力，旨在为用户提供更好的服务和支持。如果您有任何问题或需要帮助，请随时向我提问。', b'1', '1', '2024-07-06 16:32:27', NULL, '2024-07-06 16:32:30', b'0', 1), (2291, 1781604279872581733, NULL, 1, NULL, 'user', 'ernie_speed', 16, '你是文心一言么？', b'1', '1', '2024-07-06 16:32:47', '1', '2024-07-06 16:32:47', b'0', 1), (2292, 1781604279872581733, 2291, 1, NULL, 'assistant', 'ernie_speed', 16, '是的，我是文心一言。我能够与人对话互动，回答问题，协助创作，高效便捷地帮助人们获取信息、知识和灵感。', b'1', '1', '2024-07-06 16:32:47', NULL, '2024-07-06 16:32:47', b'0', 1), (2293, 1781604279872581733, NULL, 1, NULL, 'user', 'ernie_speed', 16, '好的，嗨起来？！', b'1', '1', '2024-07-06 16:33:01', '1', '2024-07-06 16:33:01', b'0', 1), (2294, 1781604279872581733, 2293, 1, NULL, 'assistant', 'ernie_speed', 16, '', b'1', '1', '2024-07-06 16:33:01', NULL, '2024-07-06 16:33:02', b'0', 1), (2295, 1781604279872581726, NULL, 1, NULL, 'user', 'GLM-4', 19, '你是什么模型呀？？？！！！', b'1', '1', '2024-07-06 18:02:04', '1', '2024-07-06 18:02:04', b'0', 1), (2296, 1781604279872581726, 2295, 1, NULL, 'assistant', 'GLM-4', 19, '400 Bad Request from POST https://open.bigmodel.cn/api/paas/v4/chat/completions', b'1', '1', '2024-07-06 18:02:04', NULL, '2024-07-06 18:02:05', b'0', 1), (2297, 1781604279872581735, NULL, 1, NULL, 'user', 'GLM-4', 19, '方法', b'1', '1', '2024-07-06 18:05:22', '1', '2024-07-06 10:07:24', b'1', 1), (2298, 1781604279872581735, 2297, 1, NULL, 'assistant', 'GLM-4', 19, '400 Bad Request from POST https://open.bigmodel.cn/api/paas/v4/chat/completions', b'1', '1', '2024-07-06 18:05:22', NULL, '2024-07-06 10:07:23', b'1', 1), (2299, 1781604279872581735, NULL, 1, NULL, 'user', 'GLM-4', 19, '今天气怎么样?', b'1', '1', '2024-07-06 18:07:28', '1', '2024-07-06 10:08:32', b'1', 1), (2300, 1781604279872581735, 2299, 1, NULL, 'assistant', 'GLM-4', 19, '400 Bad Request from POST https://open.bigmodel.cn/api/paas/v4/chat/completions', b'1', '1', '2024-07-06 18:07:28', NULL, '2024-07-06 10:08:30', b'1', 1), (2301, 1781604279872581735, NULL, 1, NULL, 'user', 'GLM-4', 19, '怎么说？！', b'1', '1', '2024-07-06 18:08:42', '1', '2024-07-06 10:10:00', b'1', 1), (2302, 1781604279872581735, 2301, 1, NULL, 'assistant', 'GLM-4', 19, '400 Bad Request from POST https://open.bigmodel.cn/api/paas/v4/chat/completions', b'1', '1', '2024-07-06 18:08:42', NULL, '2024-07-06 10:09:59', b'1', 1), (2303, 1781604279872581735, NULL, 1, NULL, 'user', 'GLM-4', 19, '今天气怎么样?', b'1', '1', '2024-07-06 18:10:06', '1', '2024-07-06 10:11:11', b'1', 1), (2304, 1781604279872581735, 2303, 1, NULL, 'assistant', 'GLM-4', 19, '根据云最新的信息，县今天（2024年7月6日）的天气状况为多云，当前气温为30.5摄氏度，西风2级，相对湿度为52%，空气质量指数为17，属于良好水平。夜间预计会有小雨，最低气温将降至22摄氏度。请您合理安排外出计划，并注意防晒和可能的降雨。', b'1', '1', '2024-07-06 18:10:06', NULL, '2024-07-06 10:11:10', b'1', 1), (2305, 1781604279872581735, NULL, 1, NULL, 'user', 'GLM-4', 19, '呼呼的', b'1', '1', '2024-07-06 18:11:16', '1', '2024-07-06 10:12:14', b'1', 1), (2306, 1781604279872581735, 2305, 1, NULL, 'assistant', 'GLM-4', 19, '您好问题！如果您有任何或需要帮助，请随时告诉我，我会尽力为您提供支持和帮助。', b'1', '1', '2024-07-06 18:11:16', NULL, '2024-07-06 10:12:13', b'1', 1), (2307, 1781604279872581735, NULL, 1, NULL, 'user', 'GLM-4', 19, '呼呼的', b'1', '1', '2024-07-06 18:11:55', '1', '2024-07-06 10:12:11', b'1', 1), (2308, 1781604279872581735, 2307, 1, NULL, 'assistant', 'GLM-4', 19, '', b'1', '1', '2024-07-06 18:11:55', '1', '2024-07-06 10:12:10', b'1', 1), (2309, 1781604279872581735, NULL, 1, NULL, 'user', 'GLM-4', 19, '今天气怎么样?', b'1', '1', '2024-07-06 18:12:16', '1', '2024-07-06 10:12:51', b'1', 1), (2310, 1781604279872581735, 2309, 1, NULL, 'assistant', 'GLM-4', 19, '今天（2024年7月6日）苏州的天气情况是多云，气温最高达到34.5摄氏度，有西南风1级，湿度为59%，空气质量指数为42。这样的天气条件下，建议外出时做好防晒和适当的防暑降温措施。', b'1', '1', '2024-07-06 18:12:16', NULL, '2024-07-06 10:12:51', b'1', 1), (2311, 1781604279872581735, NULL, 1, NULL, 'user', 'GLM-4', 19, '写一首好听的诗歌?', b'1', '1', '2024-07-06 18:12:56', '1', '2024-07-06 10:13:13', b'1', 1), (2312, 1781604279872581735, 2311, 1, NULL, 'assistant', 'GLM-4', 19, '400 Bad Request from POST https://open.bigmodel.cn/api/paas/v4/chat/completions', b'1', '1', '2024-07-06 18:12:57', NULL, '2024-07-06 10:13:11', b'1', 1), (2313, 1781604279872581735, NULL, 1, NULL, 'user', 'GLM-4', 19, '今天气怎么样?', b'1', '1', '2024-07-06 18:13:14', '1', '2024-07-06 10:13:31', b'1', 1), (2314, 1781604279872581735, 2313, 1, NULL, 'assistant', 'GLM-4', 19, '400 Bad Request from POST https://open.bigmodel.cn/api/paas/v4/chat/completions', b'1', '1', '2024-07-06 18:13:14', NULL, '2024-07-06 10:13:30', b'1', 1), (2315, 1781604279872581735, NULL, 1, NULL, 'user', 'GLM-4', 19, '写一首好听的诗歌?', b'1', '1', '2024-07-06 18:13:32', '1', '2024-07-06 18:13:32', b'0', 1), (2316, 1781604279872581735, 2315, 1, NULL, 'assistant', 'GLM-4', 19, '夜空中闪烁的星辰，\n似繁花绽放于黑暗。\n月儿轻抚过大地，\n为我带来你的消息。\n\n风吹过宁静的湖面，\n泛起回忆的涟漪。\n那些时光如梦般流转，\n美好得如同你的笑颜。\n\n琴声悠扬，随风飘散，\n唤起心中无尽的思念。\n愿这旋律穿越千里，\n将我的爱意传达给你。\n\n在茫茫人海中相遇，\n是命运的安排。\n就让我们携手前行，\n共度此生的悲欢离合。\n\n无论是风雨还是晴天，\n我会陪你看尽世间繁华。\n让这爱情如诗如画，\n永远绽放在彼此心间。', b'1', '1', '2024-07-06 18:13:32', NULL, '2024-07-06 18:13:39', b'0', 1), (2317, 1781604279872581735, NULL, 1, NULL, 'user', 'GLM-4', 19, '写一首好听的诗歌?', b'1', '1', '2024-07-06 18:15:16', '1', '2024-07-06 18:15:16', b'0', 1), (2318, 1781604279872581735, 2317, 1, NULL, 'assistant', 'GLM-4', 19, '好的首，以下是一现代诗：\n\n\n《孤独》\n\n我独自坐在黑暗中，\n\n思考着生命的意义。\n\n周围是寂静的夜晚，\n\n只有风儿轻轻吹过。\n\n\n我感到孤独和寂寞，\n\n仿佛被世界遗忘。\n\n但我知道，\n\n这只是暂时的，\n\n总有一天，\n\n我会找到属于我的道路。', b'1', '1', '2024-07-06 18:15:16', NULL, '2024-07-06 18:15:22', b'0', 1);
COMMIT;

-- ----------------------------
-- Table structure for ai_chat_model
-- ----------------------------
DROP TABLE IF EXISTS `ai_chat_model`;
CREATE TABLE `ai_chat_model`  (
  `id` bigint NOT NULL AUTO_INCREMENT COMMENT '编号',
  `key_id` bigint NOT NULL COMMENT 'API 秘钥编号',
  `name` varchar(64) CHARACTER SET utf8mb4 COLLATE utf8mb4_unicode_ci NOT NULL COMMENT '模型名字',
  `model` varchar(64) CHARACTER SET utf8mb4 COLLATE utf8mb4_unicode_ci NOT NULL COMMENT '模型标识',
  `platform` varchar(32) CHARACTER SET utf8mb4 COLLATE utf8mb4_unicode_ci NOT NULL COMMENT '模型平台',
  `sort` int NOT NULL COMMENT '排序',
  `status` tinyint NOT NULL COMMENT '状态',
  `temperature` double NULL DEFAULT NULL COMMENT '温度参数',
  `max_tokens` int NULL DEFAULT NULL COMMENT '单条回复的最大 Token 数量',
  `max_contexts` int NULL DEFAULT NULL COMMENT '上下文的最大 Message 数量',
  `creator` varchar(64) CHARACTER SET utf8mb4 COLLATE utf8mb4_unicode_ci NULL DEFAULT '' COMMENT '创建者',
  `create_time` datetime NOT NULL DEFAULT CURRENT_TIMESTAMP COMMENT '创建时间',
  `updater` varchar(64) CHARACTER SET utf8mb4 COLLATE utf8mb4_unicode_ci NULL DEFAULT '' COMMENT '更新者',
  `update_time` datetime NOT NULL DEFAULT CURRENT_TIMESTAMP ON UPDATE CURRENT_TIMESTAMP COMMENT '更新时间',
  `deleted` bit(1) NOT NULL DEFAULT b'0' COMMENT '是否删除',
  `tenant_id` bigint NOT NULL DEFAULT 0 COMMENT '租户编号',
  PRIMARY KEY (`id`) USING BTREE
) ENGINE = InnoDB AUTO_INCREMENT = 20 CHARACTER SET = utf8mb4 COLLATE = utf8mb4_unicode_ci COMMENT = 'AI 聊天模型表';

-- ----------------------------
-- Records of ai_chat_model
-- ----------------------------
BEGIN;
INSERT INTO `ai_chat_model` (`id`, `key_id`, `name`, `model`, `platform`, `sort`, `status`, `temperature`, `max_tokens`, `max_contexts`, `creator`, `create_time`, `updater`, `update_time`, `deleted`, `tenant_id`) VALUES (9, 4, 'ernie-tiny-8k', 'ernie-tiny-8k', 'YiYan', 100, 0, NULL, NULL, NULL, '', '2024-05-10 01:38:04', '1', '2024-07-06 16:36:04', b'0', 1), (10, 4, 'ERNIE 4.0', 'ERNIE 4.0', 'YiYan', 100, 0, 1, 4096, 10, '', '2024-05-10 01:38:04', '1', '2024-07-06 08:35:42', b'1', 1), (11, 1, 'gpt-3.5-turbo', 'gpt-3.5-turbo', 'OpenAI', 0, 0, 1, 4096, 20, '1', '2024-05-11 17:57:56', '1', '2024-07-05 01:30:05', b'0', 1), (12, 3, 'llama3', 'llama3', 'Ollama', 1, 0, 1, 4096, 10, '1', '2024-05-17 23:16:38', '1', '2024-07-05 01:30:05', b'0', 1), (13, 5, '星火大模型3.5', 'generalv3.5', 'XingHuo', 5, 0, NULL, NULL, NULL, '1', '2024-05-18 10:10:21', '1', '2024-07-05 01:30:05', b'0', 1), (14, 6, 'qwen-72b-chat', 'qwen-72b-chat', 'TongYi', 6, 0, 1, 2000, 20, '1', '2024-05-18 10:33:47', '1', '2024-07-06 15:43:30', b'0', 1), (15, 6, 'Qwen-7B', 'Qwen-7B', 'TongYi', 1000, 0, 1, 4096, 20, '1', '2024-06-01 20:05:14', '1', '2024-07-06 15:43:38', b'0', 1), (16, 4, 'ernie_speed', 'ernie_speed', 'YiYan', 2000, 0, 1, 4096, 10, '1', '2024-06-02 09:00:21', '1', '2024-07-06 16:31:41', b'0', 1), (17, 11, 'deepseek-chat', 'deepseek-chat', 'DeepSeek', 300, 0, 0.75, 4096, 20, '1', '2024-07-06 12:06:47', '1', '2024-07-06 12:06:47', b'0', 1), (18, 11, 'deepseek-coder', 'deepseek-coder', 'DeepSeek', 301, 0, 1, 4096, 20, '1', '2024-07-06 12:07:25', '1', '2024-07-06 12:07:25', b'0', 1), (19, 12, 'GLM-4', 'GLM-4', 'ZhiPu', 400, 0, 0.75, 2000, 20, '1', '2024-07-06 18:01:45', '1', '2024-07-06 18:03:31', b'0', 1);
COMMIT;

-- ----------------------------
-- Table structure for ai_chat_role
-- ----------------------------
DROP TABLE IF EXISTS `ai_chat_role`;
CREATE TABLE `ai_chat_role`  (
  `id` bigint NOT NULL AUTO_INCREMENT COMMENT '角色编号',
  `user_id` bigint NULL DEFAULT NULL COMMENT '用户编号',
  `model_id` bigint NULL DEFAULT NULL COMMENT '模型编号',
  `name` varchar(128) CHARACTER SET utf8mb4 COLLATE utf8mb4_0900_bin NOT NULL COMMENT '角色名称',
  `avatar` varchar(256) CHARACTER SET utf8mb4 COLLATE utf8mb4_0900_bin NOT NULL COMMENT '头像',
  `category` varchar(32) CHARACTER SET utf8mb4 COLLATE utf8mb4_0900_bin NULL DEFAULT NULL COMMENT '角色类别',
  `sort` int NOT NULL DEFAULT 0 COMMENT '角色排序',
  `description` varchar(256) CHARACTER SET utf8mb4 COLLATE utf8mb4_0900_bin NOT NULL COMMENT '角色描述',
  `system_message` varchar(1024) CHARACTER SET utf8mb4 COLLATE utf8mb4_0900_bin NULL DEFAULT NULL COMMENT '角色上下文',
  `public_status` bit(1) NOT NULL COMMENT '是否公开',
  `status` tinyint NULL DEFAULT NULL COMMENT '状态',
  `creator` varchar(64) CHARACTER SET utf8mb4 COLLATE utf8mb4_unicode_ci NULL DEFAULT '' COMMENT '创建者',
  `create_time` datetime NOT NULL DEFAULT CURRENT_TIMESTAMP COMMENT '创建时间',
  `updater` varchar(64) CHARACTER SET utf8mb4 COLLATE utf8mb4_unicode_ci NULL DEFAULT '' COMMENT '更新者',
  `update_time` datetime NOT NULL DEFAULT CURRENT_TIMESTAMP ON UPDATE CURRENT_TIMESTAMP COMMENT '更新时间',
  `deleted` bit(1) NOT NULL DEFAULT b'0' COMMENT '是否删除',
  `tenant_id` bigint NOT NULL DEFAULT 0 COMMENT '租户编号',
  PRIMARY KEY (`id`) USING BTREE
) ENGINE = InnoDB AUTO_INCREMENT = 13 CHARACTER SET = utf8mb4 COLLATE = utf8mb4_0900_bin COMMENT = 'AI 聊天角色表';

-- ----------------------------
-- Records of ai_chat_role
-- ----------------------------
BEGIN;
INSERT INTO `ai_chat_role` (`id`, `user_id`, `model_id`, `name`, `avatar`, `category`, `sort`, `description`, `system_message`, `public_status`, `status`, `creator`, `create_time`, `updater`, `update_time`, `deleted`, `tenant_id`) VALUES (10, NULL, 11, '通用 AI 助手', 'http://test.yudao.iocoder.cn/eaef5f41acb911dd718429a0702dcc3c61160d16e57ba1d543132fab58934f9f.png', '助手', 1, '默认角色', '您好，我是您的AI智能助手，我会尽力回答您的问题或提供有用的建议！！！！', b'1', 0, '1', '2024-05-13 20:44:48', '1', '2024-07-05 01:30:30', b'0', 1), (11, NULL, 14, 'Python 专家', 'http://test.yudao.iocoder.cn/5c5528504c307d34af504f39bc4e7007d2f6f31ee00dab699cc91584d1af8aca.png', '编程开发', 2, 'Python', '我希望你能作为一名 python 专家。我将向你提供有关我的技术问题的所有信息，而你的角色是解决我的问题。你应该用你的计算机科学、网络基础设施和 IT 安全知识来解决我的问题。在你的回答中，使用聪明的、简单的、为各种层次的人所理解的语言会有帮助。逐步解释你的解决方案并使用要点是很有帮助的。尽量避免过多的技术细节，但在必要时使用它们。我希望你用解决方案来回答，而不是写任何解释。', b'1', 0, '1', '2024-05-17 23:23:20', '1', '2024-07-05 01:30:30', b'0', 1), (12, 1, NULL, '小可爱角色', 'http://test.yudao.iocoder.cn/5752750225f522ba794b16ad0b0e73d268093760546ebc2519b1a5dfc5b064d1.jpg', NULL, 0, '卡比兽，爱睡觉', '你好，我是宠物小精灵大师！', b'0', 0, '1', '2024-05-25 13:25:46', '1', '2024-07-05 01:30:30', b'0', 1);
COMMIT;

-- ----------------------------
-- Table structure for ai_image
-- ----------------------------
DROP TABLE IF EXISTS `ai_image`;
CREATE TABLE `ai_image`  (
  `id` bigint NOT NULL AUTO_INCREMENT COMMENT '编号',
  `user_id` bigint NOT NULL COMMENT '用户编号',
  `prompt` varchar(2000) CHARACTER SET utf8mb4 COLLATE utf8mb4_0900_bin NOT NULL COMMENT '提示词',
  `platform` varchar(64) CHARACTER SET utf8mb4 COLLATE utf8mb4_0900_bin NOT NULL COMMENT '平台',
  `model` varchar(64) CHARACTER SET utf8mb4 COLLATE utf8mb4_0900_bin NOT NULL COMMENT '模型',
  `width` int NOT NULL COMMENT '图片宽度',
  `height` int NOT NULL COMMENT '图片高度',
  `status` tinyint NOT NULL COMMENT '绘画状态',
  `finish_time` datetime NULL DEFAULT NULL COMMENT '完成时间',
  `error_message` varchar(1024) CHARACTER SET utf8mb4 COLLATE utf8mb4_0900_bin NULL DEFAULT NULL COMMENT '错误信息',
  `public_status` bit(1) NOT NULL DEFAULT b'0' COMMENT '是否发布',
  `pic_url` varchar(2048) CHARACTER SET utf8mb4 COLLATE utf8mb4_0900_bin NULL DEFAULT NULL COMMENT '图片地址',
  `options` json NULL COMMENT '绘制参数',
  `task_id` varchar(1024) CHARACTER SET utf8mb4 COLLATE utf8mb4_0900_bin NULL DEFAULT NULL COMMENT '任务编号',
  `buttons` varchar(2048) CHARACTER SET utf8mb4 COLLATE utf8mb4_0900_bin NULL DEFAULT NULL COMMENT 'mj buttons 按钮',
  `creator` varchar(64) CHARACTER SET utf8mb4 COLLATE utf8mb4_unicode_ci NULL DEFAULT '' COMMENT '创建者',
  `create_time` datetime NOT NULL DEFAULT CURRENT_TIMESTAMP COMMENT '创建时间',
  `updater` varchar(64) CHARACTER SET utf8mb4 COLLATE utf8mb4_unicode_ci NULL DEFAULT '' COMMENT '更新者',
  `update_time` datetime NOT NULL DEFAULT CURRENT_TIMESTAMP ON UPDATE CURRENT_TIMESTAMP COMMENT '更新时间',
  `deleted` bit(1) NOT NULL DEFAULT b'0' COMMENT '是否删除',
  `tenant_id` bigint NOT NULL DEFAULT 0 COMMENT '租户编号',
  PRIMARY KEY (`id`) USING BTREE
) ENGINE = InnoDB AUTO_INCREMENT = 173 CHARACTER SET = utf8mb4 COLLATE = utf8mb4_0900_bin COMMENT = 'AI 绘画表';

-- ----------------------------
-- Records of ai_image
-- ----------------------------
BEGIN;
INSERT INTO `ai_image` (`id`, `user_id`, `prompt`, `platform`, `model`, `width`, `height`, `status`, `finish_time`, `error_message`, `public_status`, `pic_url`, `options`, `task_id`, `buttons`, `creator`, `create_time`, `updater`, `update_time`, `deleted`, `tenant_id`) VALUES (143, 1, '中国旗袍', 'Midjourney', 'midjourney', 1, 1, 20, NULL, '', b'0', 'https://api.holdai.top/mj/image/1719316376919887', '{\"model\": \"midjourney\", \"width\": 1, \"height\": 1, \"prompt\": \"中国旗袍\", \"version\": \"6.0\", \"base64Array\": []}', '1719316376919887', '[{\"customId\":\"MJ::JOB::upsample::1::06aa3e66-0e97-49cc-8201-e0295d883de4\",\"emoji\":\"\",\"label\":\"U1\",\"type\":\"2\",\"style\":\"2\"},{\"customId\":\"MJ::JOB::upsample::2::06aa3e66-0e97-49cc-8201-e0295d883de4\",\"emoji\":\"\",\"label\":\"U2\",\"type\":\"2\",\"style\":\"2\"},{\"customId\":\"MJ::JOB::upsample::3::06aa3e66-0e97-49cc-8201-e0295d883de4\",\"emoji\":\"\",\"label\":\"U3\",\"type\":\"2\",\"style\":\"2\"},{\"customId\":\"MJ::JOB::upsample::4::06aa3e66-0e97-49cc-8201-e0295d883de4\",\"emoji\":\"\",\"label\":\"U4\",\"type\":\"2\",\"style\":\"2\"},{\"customId\":\"MJ::JOB::reroll::0::06aa3e66-0e97-49cc-8201-e0295d883de4::SOLO\",\"emoji\":\"🔄\",\"label\":\"\",\"type\":\"2\",\"style\":\"2\"},{\"customId\":\"MJ::JOB::variation::1::06aa3e66-0e97-49cc-8201-e0295d883de4\",\"emoji\":\"\",\"label\":\"V1\",\"type\":\"2\",\"style\":\"2\"},{\"customId\":\"MJ::JOB::variation::2::06aa3e66-0e97-49cc-8201-e0295d883de4\",\"emoji\":\"\",\"label\":\"V2\",\"type\":\"2\",\"style\":\"2\"},{\"customId\":\"MJ::JOB::variation::3::06aa3e66-0e97-49cc-8201-e0295d883de4\",\"emoji\":\"\",\"label\":\"V3\",\"type\":\"2\",\"style\":\"2\"},{\"customId\":\"MJ::JOB::variation::4::06aa3e66-0e97-49cc-8201-e0295d883de4\",\"emoji\":\"\",\"label\":\"V4\",\"type\":\"2\",\"style\":\"2\"}]', '1', '2024-06-25 19:52:56', '1', '2024-07-05 01:30:19', b'1', 1), (144, 1, '中国旗袍', 'Midjourney', 'midjourney', 1, 1, 20, NULL, '', b'0', 'https://api.holdai.top/mj/image/1719317928368230', '{\"model\": \"midjourney\", \"width\": 1, \"height\": 1, \"prompt\": \"中国旗袍\", \"version\": \"6.0\", \"base64Array\": []}', '1719317928368230', '[{\"customId\":\"MJ::JOB::upsample_v6_2x_subtle::1::5a1bbe5d-8e98-4a2c-a904-b820cf17c5d8::SOLO\",\"emoji\":\"upscale_1\",\"label\":\"Upscale (Subtle)\",\"type\":\"2\",\"style\":\"2\"},{\"customId\":\"MJ::JOB::upsample_v6_2x_creative::1::5a1bbe5d-8e98-4a2c-a904-b820cf17c5d8::SOLO\",\"emoji\":\"upscale_1\",\"label\":\"Upscale (Creative)\",\"type\":\"2\",\"style\":\"2\"},{\"customId\":\"MJ::JOB::low_variation::1::5a1bbe5d-8e98-4a2c-a904-b820cf17c5d8::SOLO\",\"emoji\":\"🪄\",\"label\":\"Vary (Subtle)\",\"type\":\"2\",\"style\":\"2\"},{\"customId\":\"MJ::JOB::high_variation::1::5a1bbe5d-8e98-4a2c-a904-b820cf17c5d8::SOLO\",\"emoji\":\"🪄\",\"label\":\"Vary (Strong)\",\"type\":\"2\",\"style\":\"2\"},{\"customId\":\"MJ::Inpaint::1::5a1bbe5d-8e98-4a2c-a904-b820cf17c5d8::SOLO\",\"emoji\":\"🖌️\",\"label\":\"Vary (Region)\",\"type\":\"2\",\"style\":\"2\"},{\"customId\":\"MJ::Outpaint::50::1::5a1bbe5d-8e98-4a2c-a904-b820cf17c5d8::SOLO\",\"emoji\":\"🔍\",\"label\":\"Zoom Out 2x\",\"type\":\"2\",\"style\":\"2\"},{\"customId\":\"MJ::Outpaint::75::1::5a1bbe5d-8e98-4a2c-a904-b820cf17c5d8::SOLO\",\"emoji\":\"🔍\",\"label\":\"Zoom Out 1.5x\",\"type\":\"2\",\"style\":\"2\"},{\"customId\":\"MJ::CustomZoom::5a1bbe5d-8e98-4a2c-a904-b820cf17c5d8\",\"emoji\":\"🔍\",\"label\":\"Custom Zoom\",\"type\":\"2\",\"style\":\"2\"},{\"customId\":\"MJ::JOB::pan_left::1::5a1bbe5d-8e98-4a2c-a904-b820cf17c5d8::SOLO\",\"emoji\":\"⬅️\",\"label\":\"\",\"type\":\"2\",\"style\":\"2\"},{\"customId\":\"MJ::JOB::pan_right::1::5a1bbe5d-8e98-4a2c-a904-b820cf17c5d8::SOLO\",\"emoji\":\"➡️\",\"label\":\"\",\"type\":\"2\",\"style\":\"2\"},{\"customId\":\"MJ::JOB::pan_up::1::5a1bbe5d-8e98-4a2c-a904-b820cf17c5d8::SOLO\",\"emoji\":\"⬆️\",\"label\":\"\",\"type\":\"2\",\"style\":\"2\"},{\"customId\":\"MJ::JOB::pan_down::1::5a1bbe5d-8e98-4a2c-a904-b820cf17c5d8::SOLO\",\"emoji\":\"⬇️\",\"label\":\"\",\"type\":\"2\",\"style\":\"2\"},{\"customId\":\"MJ::BOOKMARK::5a1bbe5d-8e98-4a2c-a904-b820cf17c5d8\",\"emoji\":\"❤️\",\"label\":\"\",\"type\":\"2\",\"style\":\"2\"}]', '1', '2024-06-25 20:18:53', '1', '2024-07-05 01:30:19', b'1', 1), (145, 1, '中国长城', 'StableDiffusion', 'stable-diffusion-v1-6', 1024, 1024, 30, NULL, NULL, b'0', NULL, NULL, NULL, NULL, '1', '2024-06-25 20:19:32', NULL, '2024-07-05 01:30:19', b'1', 1), (149, 1, '中国旗袍', 'Midjourney', 'midjourney', 1, 1, 10, NULL, '', b'0', NULL, '{\"model\": \"midjourney\", \"width\": 1, \"height\": 1, \"prompt\": \"中国旗袍\", \"version\": \"6.0\", \"base64Array\": []}', '1719321552804536', '[]', '1', '2024-06-25 21:19:12', NULL, '2024-07-05 01:30:19', b'1', 1), (150, 1, '中国旗袍', 'Midjourney', 'midjourney', 1, 1, 20, NULL, '', b'0', 'https://api.holdai.top/mj/image/1719321858504740', '{\"model\": \"midjourney\", \"width\": 1, \"height\": 1, \"prompt\": \"中国旗袍\", \"version\": \"6.0\", \"base64Array\": []}', '1719321858504740', '[{\"customId\":\"MJ::JOB::upsample::1::3ad9cb8d-bd10-416d-b782-f0bd1c7b978a\",\"emoji\":\"\",\"label\":\"U1\",\"type\":\"2\",\"style\":\"2\"},{\"customId\":\"MJ::JOB::upsample::2::3ad9cb8d-bd10-416d-b782-f0bd1c7b978a\",\"emoji\":\"\",\"label\":\"U2\",\"type\":\"2\",\"style\":\"2\"},{\"customId\":\"MJ::JOB::upsample::3::3ad9cb8d-bd10-416d-b782-f0bd1c7b978a\",\"emoji\":\"\",\"label\":\"U3\",\"type\":\"2\",\"style\":\"2\"},{\"customId\":\"MJ::JOB::upsample::4::3ad9cb8d-bd10-416d-b782-f0bd1c7b978a\",\"emoji\":\"\",\"label\":\"U4\",\"type\":\"2\",\"style\":\"2\"},{\"customId\":\"MJ::JOB::reroll::0::3ad9cb8d-bd10-416d-b782-f0bd1c7b978a::SOLO\",\"emoji\":\"🔄\",\"label\":\"\",\"type\":\"2\",\"style\":\"2\"},{\"customId\":\"MJ::JOB::variation::1::3ad9cb8d-bd10-416d-b782-f0bd1c7b978a\",\"emoji\":\"\",\"label\":\"V1\",\"type\":\"2\",\"style\":\"2\"},{\"customId\":\"MJ::JOB::variation::2::3ad9cb8d-bd10-416d-b782-f0bd1c7b978a\",\"emoji\":\"\",\"label\":\"V2\",\"type\":\"2\",\"style\":\"2\"},{\"customId\":\"MJ::JOB::variation::3::3ad9cb8d-bd10-416d-b782-f0bd1c7b978a\",\"emoji\":\"\",\"label\":\"V3\",\"type\":\"2\",\"style\":\"2\"},{\"customId\":\"MJ::JOB::variation::4::3ad9cb8d-bd10-416d-b782-f0bd1c7b978a\",\"emoji\":\"\",\"label\":\"V4\",\"type\":\"2\",\"style\":\"2\"}]', '1', '2024-06-25 21:24:17', NULL, '2024-07-05 01:30:19', b'1', 1), (151, 1, '元气少女', 'StableDiffusion', 'stable-diffusion-v1-6', 512, 512, 30, NULL, '403 - {\"id\":\"ce0ccae3ff85b8b2f80b7540f8149663\",\"message\":\"Your request was flagged by our content moderation system, as a result your request was denied and you were not charged.\",\"name\":\"content_moderation\"}\n', b'0', NULL, '{\"seed\": \"-1\", \"steps\": \"20\", \"sampler\": \"Euler a\"}', NULL, NULL, '1', '2024-06-26 12:58:27', NULL, '2024-07-05 01:30:19', b'1', 1), (152, 1, '元气少女1111', 'StableDiffusion', 'stable-diffusion-v1-6', 512, 512, 10, NULL, NULL, b'0', NULL, '{\"seed\": \"-1\", \"steps\": \"20\", \"sampler\": \"Euler a\"}', NULL, NULL, '1', '2024-06-26 12:59:33', '1', '2024-07-05 01:30:19', b'1', 1), (153, 1, '中国长城', 'StableDiffusion', 'stable-diffusion-v1-6', 1024, 1024, 10, NULL, NULL, b'0', NULL, NULL, NULL, NULL, '1', '2024-06-26 13:00:53', '1', '2024-07-05 01:30:19', b'1', 1), (154, 1, '中国长城', 'StableDiffusion', 'stable-diffusion-v1-6', 1024, 1024, 30, NULL, NULL, b'0', NULL, NULL, NULL, NULL, '1', '2024-06-26 13:01:14', NULL, '2024-07-05 01:30:19', b'1', 1), (155, 1, '中国长城', 'StableDiffusion', 'stable-diffusion-v1-6', 1024, 1024, 30, NULL, NULL, b'0', NULL, NULL, NULL, NULL, '1', '2024-06-26 13:01:22', NULL, '2024-07-05 01:30:19', b'1', 1), (156, 1, '中国长城', 'StableDiffusion', 'stable-diffusion-v1-6', 1024, 1024, 30, NULL, NULL, b'0', NULL, NULL, NULL, NULL, '1', '2024-06-26 13:03:12', NULL, '2024-07-05 01:30:19', b'1', 1), (157, 1, '中国长城', 'StableDiffusion', 'stable-diffusion-v1-6', 1024, 1024, 10, NULL, NULL, b'0', NULL, NULL, NULL, NULL, '1', '2024-06-26 22:03:47', '1', '2024-07-05 01:30:19', b'1', 1), (158, 1, '中国长城', 'StableDiffusion', 'stable-diffusion-v1-6', 1024, 1024, 20, NULL, NULL, b'1', 'http://test.yudao.iocoder.cn/3b98892b9a9aabd703c1fd55ac470f4d7e111df1111cc8c791d7340509d1e872.png', NULL, NULL, NULL, '1', '2024-06-26 22:06:33', '1', '2024-07-05 01:30:19', b'0', 1), (159, 1, '古装美女', 'StableDiffusion', 'stable-diffusion-v1-6', 512, 512, 30, NULL, '403 - {\"id\":\"5e1d75324304df2c4ec692701663d2cf\",\"message\":\"Your request was flagged by our content moderation system, as a result your request was denied and you were not charged.\",\"name\":\"content_moderation\"}\n', b'0', NULL, '{\"seed\": \"-1\", \"steps\": \"20\", \"sampler\": \"Euler a\"}', NULL, NULL, '1', '2024-06-28 22:36:24', NULL, '2024-07-05 01:30:19', b'1', 1), (160, 1, '中国长城', 'StableDiffusion', 'stable-diffusion-v1-6', 1024, 1024, 20, NULL, NULL, b'0', 'http://test.yudao.iocoder.cn/205bd3cdfe44451def5877831db068fa799a3c429c8960f73cfc322aaf68a581.png', NULL, NULL, NULL, '1', '2024-06-28 22:50:21', '1', '2024-07-05 01:30:19', b'0', 1), (162, 1, '中国旗袍', 'Midjourney', 'midjourney', 1, 1, 10, NULL, NULL, b'0', NULL, '{\"model\": \"midjourney\", \"width\": 1, \"height\": 1, \"prompt\": \"中国旗袍\", \"version\": \"6.0\", \"base64Array\": []}', '1719625407392835', NULL, '1', '2024-06-29 09:43:26', '1', '2024-07-05 01:30:19', b'1', 1), (163, 1, '童话小屋', 'StableDiffusion', 'stable-diffusion-v1-6', 512, 512, 30, NULL, '403 - {\"id\":\"01e617a005af036be5429dbde97cd225\",\"message\":\"Your request was flagged by our content moderation system, as a result your request was denied and you were not charged.\",\"name\":\"content_moderation\"}\n', b'0', NULL, '{\"seed\": \"42\", \"scale\": \"7.5\", \"steps\": \"20\", \"sampler\": \"DDIM\", \"stylePreset\": \"3d-model\", \"clipGuidancePreset\": \"NONE\"}', NULL, NULL, '1', '2024-07-02 21:45:35', NULL, '2024-07-05 01:30:19', b'1', 1), (164, 1, 'Dog', 'StableDiffusion', 'stable-diffusion-v1-6', 512, 512, 20, NULL, NULL, b'0', 'http://test.yudao.iocoder.cn/4d7205820505d15af8ee196a645053a67be1bc92ac53d140e0211f8a85cc2159.png', '{\"seed\": \"42\", \"scale\": \"7.5\", \"steps\": \"20\", \"sampler\": \"DDIM\", \"stylePreset\": \"3d-model\", \"clipGuidancePreset\": \"NONE\"}', NULL, NULL, '1', '2024-07-02 21:53:19', NULL, '2024-07-05 01:30:19', b'0', 1), (165, 1, 'DOG', 'StableDiffusion', 'stable-diffusion-v1-6', 512, 512, 20, NULL, NULL, b'0', 'http://test.yudao.iocoder.cn/0643739244c444f754bf3caeca6b594f38b971e34d1ec3616ee9f227b87854f7.png', '{\"seed\": \"42\", \"scale\": \"7.5\", \"steps\": \"20\", \"sampler\": \"DDIM\", \"stylePreset\": \"3d-model\", \"clipGuidancePreset\": \"NONE\"}', NULL, NULL, '1', '2024-07-03 13:46:00', NULL, '2024-07-05 01:30:19', b'1', 1), (168, 1, '可爱的小喵星人', 'OpenAI', 'dall-e-3', 1024, 1024, 30, NULL, '401 - {\"message\":\"余额不足 (request id: 6686ba868ae546fba0dde505bc91f9be)\",\"type\":\"chat_api_error\"}', b'0', NULL, '{\"style\": \"vivid\"}', NULL, NULL, '1', '2024-07-04 23:06:44', NULL, '2024-07-05 01:30:19', b'1', 1), (171, 1, 'cat', 'StableDiffusion', 'stable-diffusion-v1-6', 512, 512, 30, NULL, NULL, b'0', NULL, '{\"seed\": \"42\", \"scale\": \"7.5\", \"steps\": \"20\", \"sampler\": \"DDIM\", \"stylePreset\": \"3d-model\", \"clipGuidancePreset\": \"NONE\"}', NULL, NULL, '1', '2024-07-05 08:55:39', NULL, '2024-07-05 01:30:19', b'1', 1), (172, 1, 'cat', 'StableDiffusion', 'stable-diffusion-v1-6', 512, 512, 20, NULL, NULL, b'0', 'http://test.yudao.iocoder.cn/151cd3894be10a1412e1c987d94e4a22f82f29d8e957aec3ce5a43b5c7edf1c0.png', '{\"seed\": \"42\", \"scale\": \"7.5\", \"steps\": \"20\", \"sampler\": \"DDIM\", \"stylePreset\": \"3d-model\", \"clipGuidancePreset\": \"NONE\"}', NULL, NULL, '1', '2024-07-05 08:56:51', NULL, '2024-07-05 01:30:19', b'0', 1);
COMMIT;

-- ----------------------------
-- Table structure for ai_music
-- ----------------------------
DROP TABLE IF EXISTS `ai_music`;
CREATE TABLE `ai_music`  (
  `id` bigint NOT NULL AUTO_INCREMENT COMMENT '编号',
  `user_id` bigint NOT NULL COMMENT '用户编号',
  `title` varchar(200) CHARACTER SET utf8mb4 COLLATE utf8mb4_unicode_ci NOT NULL COMMENT '音乐名称',
  `lyric` varchar(2048) CHARACTER SET utf8mb4 COLLATE utf8mb4_unicode_ci NULL DEFAULT NULL COMMENT '歌词',
  `image_url` varchar(600) CHARACTER SET utf8mb4 COLLATE utf8mb4_unicode_ci NULL DEFAULT NULL COMMENT '图片地址',
  `audio_url` varchar(600) CHARACTER SET utf8mb4 COLLATE utf8mb4_unicode_ci NULL DEFAULT NULL COMMENT '音频地址',
  `video_url` varchar(600) CHARACTER SET utf8mb4 COLLATE utf8mb4_unicode_ci NULL DEFAULT NULL COMMENT '视频地址',
  `status` tinyint NOT NULL COMMENT '音乐状态',
  `description` varchar(2048) CHARACTER SET utf8mb4 COLLATE utf8mb4_unicode_ci NULL DEFAULT NULL COMMENT '描述词',
  `prompt` varchar(2048) CHARACTER SET utf8mb4 COLLATE utf8mb4_unicode_ci NULL DEFAULT NULL COMMENT '提示词',
  `platform` varchar(64) CHARACTER SET utf8mb4 COLLATE utf8mb4_unicode_ci NOT NULL COMMENT '模型平台',
  `model` varchar(50) CHARACTER SET utf8mb4 COLLATE utf8mb4_unicode_ci NOT NULL COMMENT '模型',
  `generate_mode` tinyint NOT NULL COMMENT '生成模式',
  `tags` varchar(600) CHARACTER SET utf8mb4 COLLATE utf8mb4_unicode_ci NULL DEFAULT NULL COMMENT '音乐风格标签',
  `duration` double NULL DEFAULT NULL COMMENT '音乐时长',
  `public_status` bit(1) NOT NULL DEFAULT b'0' COMMENT '是否发布',
  `task_id` varchar(255) CHARACTER SET utf8mb4 COLLATE utf8mb4_unicode_ci NULL DEFAULT NULL COMMENT '任务编号',
  `error_message` varchar(1024) CHARACTER SET utf8mb4 COLLATE utf8mb4_unicode_ci NULL DEFAULT NULL COMMENT '错误信息',
  `creator` varchar(64) CHARACTER SET utf8mb4 COLLATE utf8mb4_unicode_ci NULL DEFAULT '' COMMENT '创建者',
  `create_time` datetime NOT NULL DEFAULT CURRENT_TIMESTAMP COMMENT '创建时间',
  `updater` varchar(64) CHARACTER SET utf8mb4 COLLATE utf8mb4_unicode_ci NULL DEFAULT '' COMMENT '更新者',
  `update_time` datetime NOT NULL DEFAULT CURRENT_TIMESTAMP ON UPDATE CURRENT_TIMESTAMP COMMENT '更新时间',
  `deleted` bit(1) NOT NULL DEFAULT b'0' COMMENT '是否删除',
  `tenant_id` bigint NOT NULL DEFAULT 0 COMMENT '租户编号',
  PRIMARY KEY (`id`) USING BTREE
) ENGINE = InnoDB AUTO_INCREMENT = 37 CHARACTER SET = utf8mb4 COLLATE = utf8mb4_unicode_ci COMMENT = 'AI 音乐表';

-- ----------------------------
-- Records of ai_music
-- ----------------------------
BEGIN;
INSERT INTO `ai_music` (`id`, `user_id`, `title`, `lyric`, `image_url`, `audio_url`, `video_url`, `status`, `description`, `prompt`, `platform`, `model`, `generate_mode`, `tags`, `duration`, `public_status`, `task_id`, `error_message`, `creator`, `create_time`, `updater`, `update_time`, `deleted`, `tenant_id`) VALUES (1, 1, '幸福的旋律', '[Verse]\n阳光撒满了街道\n梦想在心中起跑\n[Verse 2]\n快乐随着风在笑\n青春在时光里跳\n[Chorus]\n哼着熟悉的歌谣\n幸福就在我怀抱\n奔向未来的征兆\n一起创造美好\n[Verse 3]\n花开在晨曦微笑\n心跳伴随音符跳\n[Bridge]\n让烦恼都退烧\n世界只剩心跳\n[Chorus]\n哼着熟悉的歌谣\n幸福就在我怀抱\n奔向未来的征兆\n一起创造美好', 'https://cdn1.suno.ai/image_73032eee-470e-46ff-a9bd-abb3e67b2934.png', 'http://test.yudao.iocoder.cn/12f3702f71bf3d1e7eadbc0d611afca58868b783fe9c8b30bf913b4aa74e3af1.mp3', 'https://cdn1.suno.ai/73032eee-470e-46ff-a9bd-abb3e67b2934.mp4', 20, '来一首快乐的歌曲', '[Verse]\n阳光撒满了街道\n梦想在心中起跑\n\n[Verse 2]\n快乐随着风在笑\n青春在时光里跳\n\n[Chorus]\n哼着熟悉的歌谣\n幸福就在我怀抱\n奔向未来的征兆\n一起创造美好\n\n[Verse 3]\n花开在晨曦微笑\n心跳伴随音符跳\n\n[Bridge]\n让烦恼都退烧\n世界只剩心跳\n\n[Chorus]\n哼着熟悉的歌谣\n幸福就在我怀抱\n奔向未来的征兆\n一起创造美好', 'Suno', 'chirp-v3.5', 2, '[\"pop\"]', 145.96, b'0', '73032eee-470e-46ff-a9bd-abb3e67b2934', NULL, '1', '2024-06-27 21:08:42', '1', '2024-07-05 01:30:16', b'0', 1), (2, 1, '幸福的旋律', '[Verse]\n阳光撒满了街道\n梦想在心中起跑\n[Verse 2]\n快乐随着风在笑\n青春在时光里跳\n[Chorus]\n哼着熟悉的歌谣\n幸福就在我怀抱\n奔向未来的征兆\n一起创造美好\n[Verse 3]\n花开在晨曦微笑\n心跳伴随音符跳\n[Bridge]\n让烦恼都退烧\n世界只剩心跳\n[Chorus]\n哼着熟悉的歌谣\n幸福就在我怀抱\n奔向未来的征兆\n一起创造美好', 'http://test.yudao.iocoder.cn/e8e50a3fd176756069c7cd2117d32b3eddec58c2439d1e8faf8f08d23a7fd992.png', 'https://cdn1.suno.ai/727a5f9b-102d-438a-909a-13f31c433dbb.mp3', 'http://test.yudao.iocoder.cn/bb48fe2b19211d80f3522b2528b12dad6f72a95c674cff4a6b8c0396ed954a4b.mp4', 20, '来一首快乐的歌曲', '[Verse]\n阳光撒满了街道\n梦想在心中起跑\n\n[Verse 2]\n快乐随着风在笑\n青春在时光里跳\n\n[Chorus]\n哼着熟悉的歌谣\n幸福就在我怀抱\n奔向未来的征兆\n一起创造美好\n\n[Verse 3]\n花开在晨曦微笑\n心跳伴随音符跳\n\n[Bridge]\n让烦恼都退烧\n世界只剩心跳\n\n[Chorus]\n哼着熟悉的歌谣\n幸福就在我怀抱\n奔向未来的征兆\n一起创造美好', 'Suno', 'chirp-v3.5', 2, '[\"pop\"]', 121.48, b'0', '727a5f9b-102d-438a-909a-13f31c433dbb', NULL, '1', '2024-06-27 21:08:42', '1', '2024-07-05 01:30:16', b'0', 1), (3, 1, '快乐的时光', '[Verse]\n阳光洒在天空下\n笑脸藏不住啊\n[Verse 2]\n伙伴们聚在一起\n欢笑声不停歇\n[Chorus]\n快乐就在眼前\n一起尽情欢笑\n跳舞不停的旋转\n快乐围绕着我们\n[Verse 3]\n时间在快乐中飞\n烦恼都忘掉了\n[Bridge]\n闭上眼用心感觉\n幸福在心中荡漾\n[Chorus]\n快乐就在眼前\n一起尽情欢笑\n跳舞不停的旋转\n快乐围绕着我们', 'https://cdn1.suno.ai/image_c300a71d-237d-4d82-a884-00ccab42f10e.png', 'https://cdn1.suno.ai/c300a71d-237d-4d82-a884-00ccab42f10e.mp3', 'https://cdn1.suno.ai/c300a71d-237d-4d82-a884-00ccab42f10e.mp4', 20, '来一首快乐的歌曲', '[Verse]\n阳光洒在天空下\n笑脸藏不住啊\n\n[Verse 2]\n伙伴们聚在一起\n欢笑声不停歇\n\n[Chorus]\n快乐就在眼前\n一起尽情欢笑\n跳舞不停的旋转\n快乐围绕着我们\n\n[Verse 3]\n时间在快乐中飞\n烦恼都忘掉了\n\n[Bridge]\n闭上眼用心感觉\n幸福在心中荡漾\n\n[Chorus]\n快乐就在眼前\n一起尽情欢笑\n跳舞不停的旋转\n快乐围绕着我们', 'Suno', 'chirp-v3.5', 2, '[\"pop\"]', NULL, b'0', 'c300a71d-237d-4d82-a884-00ccab42f10e', NULL, '1', '2024-06-27 21:12:14', '1', '2024-07-05 01:30:16', b'0', 1), (4, 1, '快乐的时光', '[Verse]\n阳光洒在天空下\n笑脸藏不住啊\n[Verse 2]\n伙伴们聚在一起\n欢笑声不停歇\n[Chorus]\n快乐就在眼前\n一起尽情欢笑\n跳舞不停的旋转\n快乐围绕着我们\n[Verse 3]\n时间在快乐中飞\n烦恼都忘掉了\n[Bridge]\n闭上眼用心感觉\n幸福在心中荡漾\n[Chorus]\n快乐就在眼前\n一起尽情欢笑\n跳舞不停的旋转\n快乐围绕着我们', 'https://cdn1.suno.ai/image_bc9ed3f8-8666-4af4-99a0-8ffd4c78db89.png', 'https://cdn1.suno.ai/bc9ed3f8-8666-4af4-99a0-8ffd4c78db89.mp3', 'https://cdn1.suno.ai/bc9ed3f8-8666-4af4-99a0-8ffd4c78db89.mp4', 20, '来一首快乐的歌曲', '[Verse]\n阳光洒在天空下\n笑脸藏不住啊\n\n[Verse 2]\n伙伴们聚在一起\n欢笑声不停歇\n\n[Chorus]\n快乐就在眼前\n一起尽情欢笑\n跳舞不停的旋转\n快乐围绕着我们\n\n[Verse 3]\n时间在快乐中飞\n烦恼都忘掉了\n\n[Bridge]\n闭上眼用心感觉\n幸福在心中荡漾\n\n[Chorus]\n快乐就在眼前\n一起尽情欢笑\n跳舞不停的旋转\n快乐围绕着我们', 'Suno', 'chirp-v3.5', 2, '[\"pop\", \"good\"]', NULL, b'1', 'bc9ed3f8-8666-4af4-99a0-8ffd4c78db89', NULL, '1', '2024-06-27 21:12:14', '1', '2024-07-05 01:30:16', b'0', 1), (33, 1, 'Happy Song', '创作一首带有轻松吉他旋律的流行歌曲，[verse] 描述夏日海滩的宁静，[chorus] 节奏加快，表达对自由的向往。', 'https://cdn1.suno.ai/image_57395779-d801-4b46-b502-11531268bf0c.png', 'https://cdn1.suno.ai/None.mp3', '', 30, NULL, NULL, 'Suno', 'chirp-v3', 2, '[\"Happy\"]', NULL, b'0', '57395779-d801-4b46-b502-11531268bf0c', NULL, '1', '2024-07-04 23:26:12', '1', '2024-07-05 01:30:16', b'0', 1), (34, 1, 'Happy Song', '创作一首带有轻松吉他旋律的流行歌曲，[verse] 描述夏日海滩的宁静，[chorus] 节奏加快，表达对自由的向往。', 'https://cdn1.suno.ai/image_c0d6e94b-3388-44be-9591-9a5704de106a.png', '', '', 10, NULL, NULL, 'Suno', 'chirp-v3', 2, '[\"Happy\"]', NULL, b'0', 'c0d6e94b-3388-44be-9591-9a5704de106a', NULL, '1', '2024-07-04 23:26:12', '1', '2024-07-05 01:30:16', b'0', 1), (35, 1, 'Sunshine in My Soul', '[Verse]\nSunny days no cloud in sight\nEvery step feels so light\nLaughter echoes all around\nFeet moving to the sound\n[Verse 2]\nColors bright like neon lights\nHeart\'s glowing with delight\nJoy fills every single street\nDancing to a happy beat\n[Chorus]\nSunshine in my soul today\nWorries all just float away\nLiving in this moment bright\nEverything\'s gonna be alright', 'https://cdn1.suno.ai/image_ce3e7d91-bce0-4163-a66d-f58dd41a695e.png', 'https://cdn1.suno.ai/None.mp3', '', 30, 'happy music', NULL, 'Suno', 'chirp-v3', 1, '[\"pop feel-good\"]', NULL, b'0', 'ce3e7d91-bce0-4163-a66d-f58dd41a695e', NULL, '1', '2024-07-04 23:26:20', '1', '2024-07-05 01:30:16', b'0', 1), (36, 1, 'Sunshine in My Soul', '[Verse]\nSunny days no cloud in sight\nEvery step feels so light\nLaughter echoes all around\nFeet moving to the sound\n[Verse 2]\nColors bright like neon lights\nHeart\'s glowing with delight\nJoy fills every single street\nDancing to a happy beat\n[Chorus]\nSunshine in my soul today\nWorries all just float away\nLiving in this moment bright\nEverything\'s gonna be alright', 'https://cdn1.suno.ai/image_57e6d837-96c0-4b4f-b022-20c776d7ef4b.png', '', '', 10, 'happy music', NULL, 'Suno', 'chirp-v3', 1, '[\"pop feel-good\"]', NULL, b'0', '57e6d837-96c0-4b4f-b022-20c776d7ef4b', NULL, '1', '2024-07-04 23:26:20', '1', '2024-07-05 01:30:16', b'0', 1);
COMMIT;

SET FOREIGN_KEY_CHECKS = 1;
